TransactionAmount,TransactionType,Channel,CustomerAge,TransactionDuration,CustomerOccupation,AccountBalance,Cluster
14.09,Debit,ATM,70,81,Doctor,5112.21,0
376.24,Debit,ATM,68,141,Doctor,13758.91,2
126.29,Debit,Online,19,56,Student,1122.35,1
184.5,Debit,Online,26,25,Student,8569.06,0
13.45,Credit,Online,26,198,Student,7429.4,0
92.15,Debit,ATM,18,172,Student,781.68,1
7.08,Credit,ATM,37,139,Doctor,13316.71,2
171.42,Credit,Branch,67,291,Retired,2796.24,1
106.23,Credit,Branch,51,86,Engineer,9095.14,0
815.96,Debit,ATM,55,120,Doctor,1021.88,1
17.78,Credit,Online,52,59,Engineer,7599.52,0
190.02,Debit,Online,21,173,Student,1528.81,1
494.52,Credit,Branch,24,111,Student,1620.02,1
781.76,Debit,ATM,26,123,Student,189.69,1
166.99,Debit,Online,18,134,Student,299.93,1
465.45,Debit,ATM,36,129,Engineer,3465.54,1
555.8,Credit,Branch,19,158,Student,1131.26,1
492.93,Debit,Online,39,234,Engineer,5109.97,0
18.68,Credit,Branch,59,106,Retired,7948.37,0
71.48,Credit,Online,18,169,Student,6568.59,0
59.32,Debit,Branch,71,38,Retired,5750.89,0
85.77,Debit,Branch,38,93,Doctor,9146.19,2
52.2,Debit,Online,39,120,Engineer,8974.93,0
145.54,Debit,Online,21,96,Student,1930.96,1
7.49,Credit,Online,65,276,Retired,3634.67,1
40.32,Debit,Branch,37,95,Engineer,2686.52,1
127.45,Debit,Online,44,197,Doctor,1772.06,1
56.17,Debit,Branch,27,283,Student,1351.69,1
28.31,Credit,Online,59,20,Doctor,8334.47,0
59.12,Debit,ATM,29,257,Doctor,9823.64,2
877.81,Debit,Online,22,150,Student,399.0,1
255.26,Credit,Branch,45,50,Doctor,14815.87,2
124.76,Debit,Branch,49,45,Engineer,5764.72,0
78.13,Debit,Branch,26,145,Student,900.61,1
649.28,Debit,ATM,75,137,Retired,4875.86,0
335.63,Debit,Online,55,216,Retired,1019.39,1
328.47,Debit,ATM,63,119,Retired,4323.66,0
34.02,Debit,Online,38,19,Doctor,14214.48,2
241.42,Credit,Online,57,116,Doctor,13357.02,2
55.32,Debit,ATM,19,117,Student,241.79,1
304.31,Debit,Branch,27,33,Student,868.61,1
435.27,Debit,Branch,74,90,Retired,4673.28,0
164.49,Debit,Branch,26,75,Student,1509.27,1
510.24,Debit,Online,19,105,Student,781.7,1
626.9,Debit,Online,26,138,Student,265.51,1
22.01,Credit,Online,41,175,Engineer,1335.09,1
425.34,Credit,Online,69,121,Retired,3907.54,1
424.56,Debit,Online,51,264,Engineer,5183.85,0
85.43,Debit,Branch,67,145,Doctor,14904.9,2
169.5,Debit,Branch,28,142,Student,918.88,1
104.63,Debit,ATM,62,90,Retired,4477.78,0
316.95,Debit,Branch,25,83,Student,1324.03,1
60.54,Credit,Branch,57,52,Retired,3534.93,1
292.56,Credit,Branch,68,61,Retired,4638.37,0
386.52,Debit,Branch,48,28,Engineer,5630.61,0
112.07,Debit,Branch,23,51,Student,930.3,1
568.52,Debit,ATM,46,152,Engineer,5499.91,0
349.64,Debit,Online,48,226,Engineer,6651.62,0
601.4,Credit,Branch,56,104,Engineer,8458.29,0
5.77,Debit,Online,50,124,Doctor,13988.12,2
201.33,Credit,Branch,42,186,Engineer,2585.07,1
298.42,Debit,Branch,56,225,Retired,3014.75,1
521.06,Debit,Branch,25,128,Student,1951.42,1
117.28,Credit,Online,60,16,Engineer,3665.77,1
189.12,Credit,Branch,32,103,Engineer,977.01,1
133.55,Debit,ATM,44,220,Engineer,3846.28,1
143.21,Debit,Online,35,135,Engineer,6374.82,0
24.77,Debit,ATM,62,55,Retired,5866.01,0
233.92,Credit,Online,26,280,Student,6537.62,0
232.12,Debit,ATM,37,51,Engineer,6689.87,0
162.63,Debit,Online,22,113,Student,634.17,1
91.53,Debit,Branch,44,69,Doctor,14676.05,2
120.29,Debit,Branch,19,77,Student,1362.39,1
174.25,Debit,Online,50,67,Doctor,10528.34,2
183.71,Debit,ATM,38,102,Engineer,552.52,1
345.39,Credit,Online,58,80,Engineer,6451.96,0
259.91,Debit,Online,49,170,Doctor,7176.86,0
154.71,Debit,Online,34,157,Doctor,1523.72,1
24.56,Debit,Branch,64,69,Doctor,9869.93,2
568.07,Debit,ATM,48,115,Doctor,10556.81,2
9.61,Credit,Online,58,179,Doctor,12883.91,2
392.96,Debit,Online,24,100,Student,791.65,1
716.93,Credit,Online,60,34,Retired,4064.02,1
230.66,Debit,Branch,21,135,Student,618.05,1
442.12,Debit,Online,19,260,Student,1375.8,1
644.17,Debit,ATM,29,72,Engineer,1143.52,1
508.68,Credit,Branch,51,127,Engineer,7708.41,0
858.63,Credit,Branch,27,185,Student,1872.96,1
25.36,Debit,ATM,57,78,Engineer,201.04,1
147.62,Debit,Branch,71,133,Retired,2115.8,1
115.02,Debit,Branch,37,175,Doctor,7643.66,0
383.37,Debit,Branch,30,24,Engineer,8901.93,0
98.54,Credit,Online,20,167,Student,9383.43,2
83.24,Credit,Branch,55,164,Doctor,1181.31,1
196.16,Debit,Branch,27,146,Engineer,9418.86,2
129.94,Debit,ATM,32,235,Engineer,7954.92,0
306.9,Debit,Online,46,51,Engineer,9418.08,2
114.98,Debit,Online,59,80,Retired,6144.68,0
756.59,Debit,Branch,27,17,Student,420.65,1
503.76,Debit,Online,22,35,Student,447.82,1
143.03,Debit,ATM,63,147,Retired,7981.45,0
245.54,Debit,ATM,25,180,Student,985.06,1
254.37,Credit,Online,51,174,Engineer,8849.26,0
213.76,Credit,ATM,78,282,Retired,3528.72,1
327.86,Debit,Online,40,104,Engineer,480.16,1
2.5,Debit,Online,47,107,Doctor,12145.27,2
300.08,Credit,Online,68,47,Doctor,13546.75,2
407.65,Debit,Online,26,62,Engineer,8346.64,0
115.83,Debit,Branch,39,167,Engineer,6481.04,0
53.57,Debit,ATM,69,121,Retired,1651.33,1
63.34,Credit,Online,46,165,Doctor,11174.94,2
317.87,Debit,Online,27,91,Student,145.5,1
331.65,Debit,Online,41,61,Engineer,4172.57,0
5.04,Debit,ATM,56,41,Retired,5558.36,0
214.54,Credit,Online,70,247,Doctor,11151.53,2
598.81,Debit,Branch,57,158,Doctor,1415.52,1
841.28,Debit,Online,26,80,Student,1103.64,1
38.15,Debit,Online,26,108,Student,303.68,1
124.72,Debit,Branch,33,105,Engineer,6309.8,0
302.45,Credit,Branch,78,40,Retired,5133.61,0
208.04,Debit,Online,47,273,Engineer,9344.98,2
5.77,Credit,Branch,23,254,Student,1117.97,1
381.33,Debit,ATM,56,75,Doctor,11835.35,2
16.16,Debit,ATM,50,124,Doctor,14401.17,2
486.08,Debit,Online,18,68,Student,1748.69,1
336.39,Debit,Branch,21,18,Student,1000.46,1
234.57,Debit,Online,23,120,Student,263.98,1
6.0,Debit,Online,30,246,Doctor,5442.76,0
227.14,Debit,ATM,18,294,Student,341.94,1
233.74,Credit,Online,66,17,Retired,1066.59,1
113.02,Credit,Branch,69,166,Retired,6077.96,0
45.85,Debit,ATM,20,92,Student,1659.15,1
415.5,Debit,ATM,66,141,Doctor,10113.66,2
265.76,Debit,Online,54,92,Retired,4446.17,0
69.4,Debit,Online,80,113,Retired,6452.77,0
332.93,Credit,Branch,35,293,Engineer,2788.2,1
267.9,Debit,Online,20,160,Student,596.16,1
496.03,Debit,Branch,61,265,Doctor,12904.66,2
376.26,Debit,ATM,37,245,Engineer,9062.4,0
83.02,Credit,Online,36,171,Engineer,9009.56,0
93.26,Credit,Online,20,72,Student,1152.2,1
803.37,Credit,Branch,68,129,Doctor,12168.37,2
35.76,Debit,Branch,23,122,Student,611.86,1
28.53,Debit,Online,62,99,Doctor,8670.53,0
139.53,Credit,Online,53,177,Doctor,10098.86,2
307.57,Debit,Branch,33,285,Doctor,5307.74,0
60.65,Credit,Branch,56,53,Retired,1047.28,1
74.86,Debit,Branch,70,125,Doctor,6921.48,0
117.97,Debit,Branch,51,137,Retired,1475.46,1
231.91,Debit,ATM,34,165,Engineer,112.76,1
126.21,Debit,Branch,75,268,Retired,5669.66,0
304.35,Debit,Branch,31,36,Engineer,4057.1,1
281.85,Debit,ATM,22,109,Student,1585.98,1
777.88,Debit,Branch,31,17,Engineer,6825.55,0
119.18,Debit,Branch,56,96,Retired,5516.5,0
177.19,Debit,Online,76,43,Retired,5343.3,0
260.88,Debit,Branch,22,36,Student,903.05,1
169.47,Debit,Online,24,19,Student,1806.16,1
73.23,Debit,Branch,26,14,Student,787.74,1
792.57,Debit,ATM,19,164,Student,770.37,1
237.06,Debit,Online,71,46,Retired,1182.77,1
34.17,Credit,Online,54,54,Engineer,726.55,1
740.25,Debit,Online,41,123,Doctor,14464.3,2
453.54,Debit,ATM,58,82,Doctor,12046.3,2
300.47,Debit,Branch,73,100,Retired,7885.64,0
110.93,Credit,Branch,19,201,Student,1952.35,1
201.69,Debit,ATM,59,299,Doctor,7328.52,0
399.21,Debit,ATM,59,109,Engineer,3210.39,1
630.36,Debit,ATM,62,52,Retired,1363.65,1
10.94,Credit,ATM,60,245,Engineer,1241.99,1
215.9,Debit,ATM,38,235,Doctor,7873.28,0
226.37,Credit,Branch,49,141,Doctor,9840.04,2
444.89,Credit,Branch,43,101,Doctor,10328.23,2
280.57,Credit,Online,25,24,Student,293.24,1
488.54,Debit,Branch,52,132,Engineer,7486.63,0
3.3,Credit,Branch,50,131,Doctor,11385.37,2
199.39,Debit,Branch,69,165,Retired,7264.79,0
20.36,Debit,Branch,62,75,Retired,2762.48,1
113.64,Debit,Online,62,32,Retired,6675.03,0
493.11,Debit,Branch,53,236,Retired,7432.99,0
307.41,Debit,ATM,19,14,Student,1057.0,1
11.18,Debit,Online,43,161,Doctor,5956.89,0
313.82,Debit,Branch,59,151,Engineer,7261.59,0
51.0,Debit,Branch,64,107,Retired,4943.16,0
140.98,Debit,Branch,60,100,Engineer,8127.48,0
288.04,Debit,ATM,68,63,Retired,1748.02,1
800.55,Debit,ATM,31,108,Engineer,9660.22,2
485.54,Debit,ATM,46,143,Engineer,6371.51,0
521.15,Debit,ATM,54,214,Doctor,9442.47,2
321.79,Credit,ATM,63,61,Retired,5959.2,0
304.93,Debit,ATM,65,158,Doctor,13531.22,2
432.08,Debit,ATM,40,145,Doctor,11500.62,2
694.2,Debit,ATM,61,72,Retired,1389.37,1
116.86,Debit,ATM,55,171,Engineer,6706.56,0
386.81,Credit,Online,57,149,Doctor,7175.29,0
74.88,Debit,ATM,25,202,Student,420.67,1
195.76,Debit,Branch,75,99,Retired,7323.53,0
134.7,Debit,ATM,50,106,Doctor,8395.85,0
890.24,Credit,Online,33,161,Engineer,5140.93,0
361.27,Debit,ATM,63,180,Doctor,7945.57,0
131.56,Debit,Branch,44,42,Doctor,5873.54,0
485.51,Credit,Online,76,37,Retired,3074.45,1
547.87,Debit,ATM,64,131,Retired,6155.76,0
457.3,Debit,Online,28,15,Engineer,8318.29,0
506.24,Debit,ATM,58,64,Engineer,230.09,1
486.59,Debit,Branch,57,119,Retired,2513.56,1
163.68,Debit,Branch,41,292,Doctor,10090.05,2
581.65,Debit,ATM,22,176,Student,480.19,1
52.01,Debit,ATM,48,85,Doctor,1120.88,1
630.24,Debit,ATM,21,62,Student,370.81,1
523.74,Debit,ATM,43,159,Doctor,13498.55,2
217.5,Credit,Branch,46,35,Engineer,3057.4,1
91.48,Debit,ATM,51,141,Doctor,14942.78,2
5.25,Debit,ATM,39,49,Doctor,14143.32,2
54.03,Credit,ATM,56,161,Retired,6736.3,0
736.73,Debit,Branch,48,10,Engineer,3313.07,1
368.91,Debit,Branch,54,14,Doctor,829.71,1
33.06,Credit,Online,53,170,Retired,1540.87,1
66.5,Credit,Online,32,144,Engineer,6820.23,0
177.08,Debit,Online,35,85,Doctor,13475.14,2
588.54,Debit,Branch,32,130,Engineer,714.45,1
173.5,Debit,ATM,21,282,Student,1306.91,1
78.33,Credit,Online,56,189,Engineer,7255.33,0
40.66,Debit,Branch,59,156,Retired,1153.84,1
97.22,Credit,Branch,77,55,Retired,6647.73,0
34.07,Debit,Branch,22,81,Student,8709.77,0
492.06,Debit,Online,23,74,Student,857.9,1
842.01,Credit,Online,53,185,Doctor,509.45,1
73.55,Debit,ATM,51,158,Engineer,2812.06,1
760.53,Debit,Online,57,118,Engineer,6179.91,0
273.08,Credit,Branch,26,134,Engineer,6609.3,0
371.69,Debit,Branch,67,143,Retired,3484.32,1
218.96,Debit,ATM,18,13,Student,754.21,1
227.39,Debit,Online,18,65,Student,751.09,1
237.99,Credit,Branch,39,86,Doctor,8510.09,0
186.6,Debit,Online,58,13,Doctor,1508.72,1
341.15,Debit,Online,18,148,Student,511.37,1
434.58,Debit,ATM,59,215,Doctor,12648.32,2
312.88,Credit,Branch,54,44,Engineer,233.21,1
75.15,Debit,ATM,23,154,Student,1092.92,1
23.3,Debit,ATM,59,161,Engineer,6711.15,0
47.38,Credit,Online,25,61,Student,459.37,1
512.81,Debit,Branch,79,30,Retired,6994.34,0
488.15,Debit,Branch,43,168,Engineer,7071.09,0
12.82,Debit,ATM,44,156,Engineer,9045.19,0
535.91,Debit,Online,43,22,Engineer,9642.12,2
270.72,Credit,Online,26,53,Engineer,6263.96,0
97.98,Debit,Branch,72,18,Retired,7460.33,0
196.08,Debit,Online,61,98,Retired,4233.82,0
251.18,Debit,ATM,42,246,Engineer,8303.9,0
44.52,Debit,Online,28,205,Student,314.28,1
178.87,Debit,Online,35,180,Doctor,5241.23,0
386.68,Debit,Branch,46,128,Doctor,6863.06,0
167.14,Debit,Online,76,20,Retired,3877.73,1
345.22,Debit,Branch,69,253,Retired,4046.58,1
74.85,Debit,ATM,72,117,Retired,2409.73,1
671.73,Debit,Branch,58,54,Engineer,5211.88,0
255.04,Debit,ATM,45,152,Engineer,6217.86,0
45.77,Debit,Online,25,109,Student,5978.12,0
329.69,Credit,Online,26,66,Student,1671.66,1
11.92,Debit,Branch,53,52,Doctor,14611.9,2
47.42,Debit,ATM,64,28,Doctor,8253.52,0
35.99,Debit,Branch,63,129,Retired,4489.79,0
151.19,Credit,Branch,37,96,Doctor,11903.82,2
242.62,Credit,Online,22,234,Student,483.02,1
48.72,Debit,Branch,21,17,Student,816.08,1
43.46,Debit,ATM,25,80,Student,578.06,1
443.79,Debit,ATM,53,87,Retired,3133.85,1
365.14,Debit,Online,68,57,Retired,5894.09,0
757.41,Debit,ATM,22,37,Student,9532.42,2
20.54,Debit,Branch,51,72,Engineer,5327.03,0
475.36,Debit,ATM,34,105,Engineer,2000.6,1
34.74,Debit,ATM,56,24,Retired,6827.57,0
689.54,Debit,Branch,27,93,Student,1633.76,1
211.18,Debit,ATM,73,90,Retired,4069.17,1
211.36,Credit,Branch,51,286,Engineer,7943.47,0
744.41,Credit,Online,39,107,Engineer,8842.47,0
61.43,Debit,Online,24,170,Student,1882.77,1
167.44,Debit,Branch,37,82,Doctor,12526.71,2
361.46,Debit,Online,21,83,Student,4737.84,0
378.85,Debit,Branch,78,126,Retired,2300.53,1
241.11,Debit,Branch,30,55,Doctor,12385.05,2
131.93,Credit,Branch,31,13,Engineer,4547.06,0
20.28,Debit,Online,36,213,Engineer,2047.83,1
415.88,Debit,Branch,70,170,Doctor,10008.33,2
49.99,Debit,ATM,62,139,Retired,2299.64,1
100.66,Debit,Branch,50,144,Doctor,14473.33,2
485.54,Debit,Online,19,148,Student,1533.32,1
321.15,Debit,Branch,46,179,Doctor,7005.05,0
711.3,Debit,Branch,21,51,Student,955.4,1
12.23,Debit,ATM,42,139,Engineer,7844.88,0
350.94,Debit,ATM,20,64,Student,221.56,1
301.85,Debit,Online,54,25,Engineer,6586.19,0
29.34,Debit,Online,65,30,Retired,3944.82,1
231.71,Debit,Branch,27,148,Student,1127.98,1
179.43,Debit,ATM,58,244,Retired,2626.63,1
36.71,Debit,Branch,48,55,Doctor,6459.38,0
138.12,Credit,Branch,53,281,Doctor,1649.69,1
233.24,Debit,ATM,33,72,Engineer,6939.23,0
609.14,Debit,ATM,39,177,Engineer,9033.87,0
436.64,Debit,Branch,31,111,Doctor,14365.18,2
870.43,Debit,Branch,29,55,Doctor,10115.18,2
354.4,Debit,ATM,74,128,Retired,7358.65,0
22.63,Debit,Online,53,112,Engineer,4438.03,0
182.19,Debit,Branch,26,53,Student,1176.1,1
126.81,Debit,Branch,26,290,Engineer,5427.98,0
288.17,Debit,Online,37,50,Engineer,3653.11,1
118.77,Debit,Branch,55,123,Engineer,2104.82,1
651.82,Debit,ATM,21,166,Student,1802.77,1
66.65,Debit,ATM,37,33,Engineer,3559.96,1
98.53,Debit,Branch,69,166,Retired,3564.8,1
138.95,Debit,Online,71,30,Retired,6752.92,0
33.89,Debit,Branch,26,177,Student,1444.75,1
23.71,Debit,Branch,58,164,Doctor,10788.89,2
26.06,Debit,ATM,65,283,Doctor,12893.63,2
17.07,Debit,Branch,27,44,Engineer,2798.15,1
703.89,Debit,Online,46,62,Engineer,3583.67,1
26.55,Debit,ATM,77,228,Retired,3085.38,1
147.4,Debit,Branch,42,259,Engineer,6797.71,0
202.11,Debit,ATM,27,18,Student,746.47,1
308.42,Debit,Branch,75,39,Retired,5427.81,0
11.18,Debit,ATM,53,144,Engineer,7467.3,0
294.15,Debit,Online,38,136,Engineer,6362.16,0
29.58,Debit,Branch,54,121,Engineer,8345.26,0
139.45,Debit,Online,27,31,Student,1305.76,1
432.63,Debit,ATM,29,137,Doctor,13648.36,2
131.43,Debit,Online,43,65,Doctor,1337.5,1
516.72,Debit,ATM,42,128,Engineer,2015.69,1
374.5,Credit,Branch,26,178,Student,1671.51,1
166.13,Debit,ATM,68,227,Doctor,11822.53,2
626.9,Debit,ATM,23,146,Student,587.11,1
466.85,Debit,Branch,56,165,Retired,5422.53,0
788.84,Debit,Online,58,231,Retired,1913.73,1
873.65,Credit,Online,37,59,Doctor,12139.83,2
525.28,Debit,ATM,69,134,Retired,4693.6,0
110.17,Debit,ATM,30,137,Engineer,464.2,1
632.69,Debit,ATM,80,76,Retired,4363.74,0
124.35,Debit,ATM,72,90,Retired,3319.76,1
43.85,Debit,ATM,62,122,Retired,4356.98,0
283.81,Debit,Branch,28,29,Student,1519.35,1
168.53,Debit,ATM,71,112,Retired,5962.58,0
218.59,Credit,Branch,40,123,Engineer,6699.23,0
132.84,Debit,ATM,21,143,Student,822.73,1
157.37,Credit,Branch,42,289,Doctor,13964.31,2
144.77,Debit,Online,20,159,Student,867.32,1
643.22,Debit,ATM,64,93,Doctor,1035.86,1
208.07,Debit,Online,32,36,Doctor,8478.9,0
94.3,Debit,Branch,57,57,Doctor,11088.95,2
295.5,Debit,ATM,59,36,Retired,6280.66,0
30.23,Debit,ATM,44,99,Doctor,481.13,1
112.05,Credit,ATM,26,159,Student,1122.88,1
180.24,Debit,Branch,58,144,Engineer,8431.23,0
13.71,Credit,Online,38,148,Engineer,8342.79,0
96.54,Debit,Branch,58,95,Retired,7182.22,0
79.35,Debit,Online,67,70,Retired,1692.15,1
101.04,Debit,ATM,27,160,Student,1695.57,1
74.42,Debit,Online,49,68,Engineer,6264.21,0
39.66,Debit,Branch,52,169,Engineer,8497.34,0
99.36,Debit,ATM,40,46,Doctor,1272.12,1
123.85,Debit,Online,56,244,Engineer,3959.62,1
426.93,Debit,ATM,19,248,Student,476.19,1
133.73,Credit,Online,25,123,Student,1872.22,1
222.39,Debit,Online,49,73,Engineer,3117.39,1
215.94,Credit,Online,22,140,Student,1841.69,1
826.23,Debit,ATM,29,209,Doctor,7580.59,0
416.37,Debit,Online,35,67,Engineer,7936.91,0
131.46,Debit,Branch,67,258,Retired,6642.33,0
202.86,Credit,Branch,61,149,Doctor,7642.25,0
268.39,Debit,ATM,26,171,Student,136.74,1
137.35,Credit,Online,40,220,Doctor,12662.66,2
712.75,Debit,Branch,44,25,Doctor,8126.06,0
353.82,Debit,ATM,42,143,Doctor,705.75,1
507.25,Debit,Branch,73,143,Retired,5331.57,0
212.74,Debit,Branch,27,128,Engineer,7645.47,0
364.42,Debit,ATM,51,146,Engineer,8119.73,0
195.12,Debit,ATM,46,144,Doctor,6101.15,0
230.61,Debit,Branch,80,204,Retired,2561.42,1
739.28,Credit,Branch,58,47,Doctor,11905.64,2
390.35,Credit,ATM,64,61,Doctor,7095.88,0
242.03,Debit,Online,58,124,Engineer,4382.73,0
242.39,Credit,ATM,18,271,Student,1328.73,1
135.03,Debit,ATM,23,180,Student,1278.0,1
193.54,Debit,Branch,80,267,Retired,2929.51,1
617.36,Debit,Branch,29,61,Engineer,8926.38,0
775.23,Credit,Online,59,38,Doctor,5977.59,0
266.57,Debit,ATM,72,100,Retired,7676.92,0
153.4,Debit,ATM,45,144,Engineer,4657.7,0
5.12,Debit,Branch,34,90,Engineer,3293.01,1
119.11,Debit,ATM,57,131,Engineer,7998.25,0
119.72,Debit,Branch,30,123,Engineer,3435.34,1
107.4,Debit,Online,58,32,Doctor,344.07,1
115.92,Debit,ATM,53,57,Retired,3897.17,1
438.04,Debit,ATM,67,247,Retired,5358.95,0
677.29,Debit,Online,27,287,Engineer,627.79,1
296.0,Debit,Branch,35,248,Doctor,7418.82,0
299.09,Credit,Branch,36,84,Engineer,5615.26,0
461.52,Credit,Branch,24,44,Student,1995.18,1
100.52,Debit,ATM,50,110,Engineer,453.39,1
85.35,Debit,ATM,66,166,Retired,2173.76,1
79.76,Debit,Branch,39,170,Engineer,6452.14,0
778.49,Credit,Online,75,107,Retired,7713.67,0
386.38,Debit,Online,42,135,Engineer,5528.36,0
165.25,Debit,Online,35,106,Doctor,9939.94,2
14.29,Debit,ATM,34,150,Engineer,7016.99,0
232.79,Credit,Branch,55,145,Retired,2661.3,1
92.29,Debit,Branch,54,115,Engineer,2026.32,1
293.97,Debit,Branch,68,153,Retired,7371.85,0
136.32,Debit,Online,19,113,Student,264.83,1
251.06,Debit,Online,36,34,Doctor,10001.66,2
50.17,Credit,ATM,77,35,Retired,7752.14,0
21.4,Debit,Branch,34,258,Engineer,9594.11,2
73.28,Debit,Branch,21,21,Student,1329.41,1
70.23,Debit,ATM,38,260,Doctor,11624.93,2
689.29,Debit,ATM,22,100,Student,168.84,1
745.03,Debit,Online,28,231,Student,160.57,1
54.61,Debit,ATM,58,160,Engineer,7135.64,0
54.05,Debit,Branch,27,146,Student,469.14,1
107.47,Debit,Online,67,144,Retired,7517.5,0
219.63,Debit,ATM,48,44,Doctor,8013.63,0
188.7,Debit,Branch,54,123,Retired,5077.06,0
93.52,Debit,Online,51,97,Engineer,2791.2,1
275.92,Credit,Branch,62,107,Retired,1777.38,1
376.79,Debit,Branch,68,265,Retired,7749.14,0
8.98,Debit,Online,66,56,Retired,4516.76,0
697.32,Debit,Online,68,91,Retired,2016.02,1
17.45,Debit,ATM,18,88,Student,1959.52,1
442.74,Debit,Branch,23,136,Student,1790.27,1
623.9,Debit,ATM,27,249,Student,711.47,1
63.41,Debit,ATM,26,36,Student,1546.22,1
346.85,Debit,ATM,44,88,Doctor,7208.15,0
71.95,Credit,Online,59,53,Engineer,9267.32,2
7.5,Debit,Online,63,36,Retired,6485.78,0
206.46,Debit,ATM,65,279,Retired,3984.38,1
423.11,Debit,ATM,60,47,Engineer,412.78,1
35.84,Credit,Online,54,172,Retired,4795.65,0
88.6,Credit,Branch,28,105,Student,246.57,1
22.46,Debit,Online,54,78,Retired,6631.5,0
334.89,Debit,Online,21,260,Student,1661.68,1
319.27,Credit,Online,54,59,Retired,5504.01,0
144.3,Debit,ATM,18,88,Student,312.19,1
348.7,Credit,Branch,69,149,Retired,2445.58,1
366.21,Debit,ATM,62,181,Doctor,10862.99,2
99.11,Debit,Online,55,12,Retired,5414.87,0
539.35,Debit,ATM,55,127,Retired,3919.44,1
188.99,Debit,Branch,58,92,Engineer,7315.34,0
710.14,Debit,ATM,26,227,Student,465.63,1
308.68,Debit,Online,53,170,Doctor,9992.36,2
166.68,Debit,ATM,57,139,Retired,5141.19,0
0.99,Debit,ATM,45,133,Engineer,4317.85,0
66.58,Debit,Branch,23,79,Student,1636.32,1
223.43,Debit,Branch,77,178,Retired,7932.41,0
659.95,Debit,Online,60,114,Engineer,3927.69,1
634.86,Debit,ATM,27,45,Student,588.5,1
286.5,Credit,Branch,30,60,Engineer,8517.95,0
322.96,Credit,Branch,76,168,Retired,2401.59,1
654.48,Debit,Branch,19,114,Student,6776.41,0
157.97,Debit,Branch,48,140,Doctor,5529.92,0
120.9,Debit,Branch,40,52,Doctor,9009.42,0
254.77,Debit,Branch,57,57,Engineer,5994.87,0
795.96,Debit,Online,65,119,Retired,5468.58,0
149.25,Debit,ATM,39,142,Engineer,5677.52,0
3.42,Credit,Online,43,158,Doctor,14180.21,2
68.19,Credit,Online,40,189,Doctor,9895.1,2
493.42,Debit,Branch,39,111,Engineer,2232.84,1
37.57,Debit,ATM,57,42,Retired,7739.54,0
96.89,Debit,ATM,59,53,Retired,6044.93,0
448.33,Debit,ATM,25,161,Student,922.19,1
8.65,Debit,Online,48,273,Doctor,10778.35,2
65.57,Debit,Online,41,82,Engineer,7513.79,0
539.81,Debit,Online,46,177,Engineer,2051.25,1
363.53,Debit,ATM,63,142,Retired,1038.91,1
64.9,Credit,Branch,51,72,Retired,6854.61,0
358.18,Debit,ATM,18,157,Student,619.86,1
167.2,Debit,Branch,30,84,Doctor,11320.83,2
121.91,Debit,Branch,60,133,Doctor,14510.8,2
137.57,Debit,Online,54,70,Engineer,5103.67,0
534.62,Debit,Online,55,45,Doctor,13793.53,2
463.92,Debit,Online,50,199,Engineer,2403.39,1
320.14,Debit,Online,60,96,Retired,3075.97,1
214.93,Debit,Online,28,52,Student,7835.4,0
660.02,Debit,Branch,20,84,Student,414.43,1
345.81,Debit,Branch,40,135,Engineer,6116.8,0
143.54,Debit,ATM,71,80,Retired,6067.62,0
42.55,Debit,Branch,53,29,Engineer,7341.43,0
541.79,Debit,ATM,22,125,Student,1454.08,1
40.57,Debit,Branch,26,63,Student,1476.91,1
498.67,Debit,Online,28,244,Student,1719.97,1
227.22,Debit,ATM,53,220,Doctor,832.82,1
56.94,Credit,Online,76,74,Retired,7004.63,0
629.82,Debit,ATM,68,159,Retired,6385.69,0
59.44,Debit,Online,35,176,Engineer,5472.03,0
186.69,Debit,Branch,30,54,Engineer,8602.22,0
230.46,Debit,Online,19,179,Student,162.53,1
65.09,Credit,Online,44,159,Engineer,9370.9,2
457.09,Credit,Online,55,63,Engineer,8570.82,0
552.02,Credit,ATM,44,100,Engineer,522.08,1
377.12,Debit,ATM,34,61,Engineer,836.67,1
204.56,Credit,Branch,18,179,Student,364.72,1
420.28,Debit,Branch,35,144,Doctor,8557.32,0
124.59,Debit,Branch,27,171,Student,129.29,1
73.88,Debit,Online,39,34,Doctor,6474.41,0
77.43,Debit,Online,21,169,Student,1380.21,1
245.93,Debit,Branch,54,172,Engineer,7986.63,0
622.41,Debit,ATM,64,125,Doctor,7322.01,0
43.73,Debit,ATM,34,145,Doctor,9929.43,2
2.03,Credit,ATM,33,28,Engineer,3012.31,1
770.65,Debit,Online,31,137,Doctor,7198.8,0
260.31,Debit,Branch,63,113,Doctor,10980.38,2
356.1,Credit,Branch,26,187,Student,868.35,1
27.07,Credit,Branch,80,39,Retired,3773.29,1
119.89,Debit,ATM,67,60,Doctor,6697.77,0
106.39,Debit,Online,37,281,Doctor,9410.99,2
12.04,Debit,Online,37,58,Engineer,6213.32,0
29.38,Credit,Branch,28,63,Student,1663.31,1
319.85,Debit,ATM,60,148,Doctor,711.66,1
350.14,Credit,Online,75,38,Retired,2403.25,1
163.94,Credit,Branch,52,73,Retired,5957.37,0
170.53,Debit,Branch,24,58,Student,801.01,1
262.22,Credit,ATM,40,136,Engineer,5711.71,0
41.49,Debit,Online,24,13,Student,928.33,1
121.43,Credit,Branch,52,243,Engineer,7365.28,0
350.46,Debit,Branch,51,165,Retired,5839.38,0
220.41,Credit,Online,26,155,Engineer,5116.98,0
33.46,Debit,ATM,72,111,Retired,3641.07,1
104.79,Debit,ATM,70,223,Doctor,1352.19,1
246.27,Debit,Online,29,141,Doctor,7299.86,0
48.85,Debit,ATM,19,176,Student,1503.56,1
332.0,Debit,ATM,69,17,Retired,5943.13,0
118.1,Debit,Online,54,167,Engineer,895.66,1
84.59,Credit,Branch,67,10,Doctor,5669.1,0
295.64,Debit,Online,21,82,Student,1061.96,1
514.33,Debit,Branch,25,160,Student,1592.94,1
94.59,Debit,Online,39,34,Doctor,6171.89,0
80.43,Debit,Branch,59,157,Retired,5987.67,0
54.25,Debit,Online,68,37,Doctor,14783.33,2
518.85,Debit,Online,22,82,Student,1806.0,1
10.65,Debit,Online,54,161,Doctor,13240.72,2
198.62,Credit,Branch,27,84,Student,1196.07,1
107.03,Debit,Branch,27,73,Student,1408.07,1
346.11,Debit,Branch,41,213,Engineer,9551.64,2
138.06,Debit,Branch,44,159,Engineer,1070.47,1
158.02,Debit,ATM,49,120,Engineer,9374.24,2
830.01,Credit,Online,66,96,Retired,4253.18,0
435.5,Debit,ATM,55,112,Retired,6981.03,0
110.49,Debit,Online,57,48,Doctor,10483.93,2
329.4,Debit,Online,34,68,Doctor,9588.07,2
635.4,Debit,ATM,47,106,Doctor,1238.11,1
769.97,Debit,Branch,22,23,Student,1244.93,1
175.07,Debit,Branch,26,169,Student,1040.25,1
7.31,Debit,Branch,78,282,Retired,5757.67,0
175.15,Debit,ATM,27,32,Student,1712.65,1
121.82,Debit,Online,60,119,Doctor,13293.83,2
56.12,Debit,ATM,30,102,Doctor,8839.67,0
424.7,Credit,Online,56,178,Retired,6239.89,0
35.16,Debit,Branch,32,130,Engineer,8459.18,0
35.73,Debit,Branch,65,87,Doctor,9073.17,0
3.44,Debit,ATM,78,108,Retired,7561.33,0
139.03,Credit,Online,50,81,Engineer,2276.57,1
254.92,Credit,ATM,28,169,Engineer,2791.12,1
115.11,Debit,Online,28,139,Engineer,9808.97,2
171.11,Debit,ATM,57,171,Retired,6324.09,0
420.76,Debit,Branch,51,76,Retired,6581.55,0
408.46,Debit,Branch,64,28,Retired,3140.79,1
342.17,Credit,Branch,21,247,Student,461.83,1
580.71,Debit,ATM,53,95,Engineer,5670.0,0
821.54,Credit,Branch,79,36,Retired,4040.32,1
253.47,Debit,Branch,20,238,Student,220.51,1
22.81,Debit,Online,62,75,Retired,3634.76,1
266.57,Credit,Online,39,96,Engineer,7180.48,0
374.61,Credit,Online,75,37,Retired,1389.71,1
339.35,Credit,ATM,78,70,Retired,5002.7,0
810.36,Debit,ATM,20,67,Student,9239.12,2
9.83,Debit,ATM,24,86,Student,666.42,1
135.57,Credit,Branch,51,116,Doctor,11351.64,2
340.05,Debit,ATM,43,37,Engineer,7234.15,0
283.45,Debit,Branch,27,127,Engineer,2049.51,1
100.99,Debit,ATM,68,114,Doctor,8865.27,0
90.88,Debit,Branch,18,176,Student,3908.47,1
655.15,Debit,ATM,26,264,Engineer,5587.44,0
320.55,Debit,Online,50,118,Engineer,438.75,1
41.51,Debit,Online,28,48,Student,609.6,1
71.53,Credit,Branch,68,39,Retired,2393.73,1
467.13,Credit,Branch,54,45,Retired,3914.84,1
235.4,Debit,Branch,28,70,Student,818.36,1
159.32,Debit,Branch,18,100,Student,304.44,1
50.83,Credit,Online,30,48,Doctor,9553.42,2
56.89,Credit,Branch,59,56,Engineer,3034.67,1
20.22,Debit,ATM,43,138,Engineer,5515.32,0
50.4,Debit,Branch,36,84,Doctor,1677.01,1
73.88,Debit,Branch,53,131,Retired,4055.55,1
119.61,Debit,ATM,33,53,Doctor,9899.94,2
116.58,Debit,Branch,43,247,Engineer,2620.74,1
391.96,Debit,ATM,64,79,Retired,2174.16,1
156.26,Credit,Branch,46,160,Engineer,7854.1,0
427.0,Credit,Branch,49,163,Engineer,8253.65,0
443.68,Debit,ATM,18,137,Student,874.15,1
101.76,Debit,Branch,31,26,Doctor,6043.25,0
67.57,Debit,Branch,37,107,Engineer,2766.12,1
326.29,Debit,Online,56,179,Engineer,8171.26,0
158.56,Debit,ATM,33,100,Doctor,5401.21,0
56.02,Debit,Online,27,142,Student,3548.02,1
288.28,Debit,Online,27,36,Student,160.83,1
245.67,Credit,Branch,24,107,Student,752.25,1
114.35,Credit,Branch,41,21,Engineer,469.12,1
373.27,Credit,Online,61,79,Doctor,8441.61,0
504.63,Debit,Online,60,168,Engineer,3806.16,1
820.15,Debit,Branch,47,181,Doctor,8802.97,0
8.37,Debit,ATM,63,135,Retired,1106.34,1
197.49,Credit,Online,53,30,Retired,5005.33,0
637.97,Debit,Branch,58,90,Retired,7949.03,0
13.52,Debit,ATM,26,65,Student,259.77,1
432.1,Debit,ATM,49,240,Engineer,2114.3,1
642.68,Debit,Branch,50,94,Doctor,8461.46,0
78.44,Credit,Online,52,292,Retired,6870.84,0
139.72,Debit,Branch,49,201,Engineer,5058.83,0
499.99,Debit,Branch,31,296,Engineer,8885.0,0
10.07,Debit,Online,24,49,Student,530.81,1
120.62,Debit,ATM,23,85,Student,9379.53,2
578.49,Debit,Branch,59,180,Retired,6475.13,0
280.92,Debit,Online,41,168,Doctor,5298.85,0
42.42,Debit,Online,21,102,Student,490.57,1
77.03,Debit,ATM,67,259,Doctor,11310.27,2
22.59,Debit,ATM,62,45,Retired,3988.75,1
568.76,Debit,ATM,51,155,Retired,7484.32,0
105.94,Debit,Branch,51,207,Engineer,5963.1,0
350.15,Credit,ATM,21,195,Student,296.47,1
183.67,Debit,Online,19,238,Student,910.26,1
278.27,Debit,Branch,29,123,Doctor,6684.34,0
470.3,Debit,ATM,40,88,Doctor,8524.09,0
261.69,Debit,ATM,53,84,Retired,5126.65,0
365.04,Debit,Branch,22,94,Student,873.89,1
211.1,Debit,Branch,57,136,Retired,7059.77,0
21.49,Debit,ATM,58,240,Doctor,11991.24,2
63.58,Debit,ATM,18,199,Student,8086.04,0
321.86,Debit,ATM,63,167,Doctor,12626.49,2
12.11,Debit,Branch,75,127,Retired,1730.28,1
642.54,Debit,Branch,44,28,Engineer,3143.17,1
210.45,Debit,ATM,27,146,Student,1242.49,1
313.65,Credit,Branch,55,173,Retired,1886.36,1
99.76,Debit,Branch,26,131,Student,416.89,1
115.32,Debit,Branch,53,113,Retired,5929.08,0
33.61,Debit,Online,23,72,Student,479.08,1
498.59,Credit,Online,33,32,Doctor,5862.99,0
98.81,Debit,Branch,27,91,Student,797.1,1
1.87,Debit,ATM,65,147,Retired,7287.94,0
78.92,Credit,Online,59,95,Engineer,5624.86,0
194.29,Credit,Branch,39,10,Engineer,2988.41,1
28.73,Debit,ATM,53,185,Engineer,2712.96,1
105.53,Debit,Online,24,88,Student,1433.66,1
737.34,Debit,Online,30,34,Doctor,7336.56,0
237.86,Debit,ATM,18,210,Student,475.63,1
409.61,Debit,Branch,65,89,Doctor,11698.15,2
75.53,Credit,Online,21,157,Student,1034.35,1
72.75,Debit,ATM,64,15,Doctor,12042.79,2
39.11,Debit,Online,26,143,Student,518.54,1
729.38,Debit,ATM,68,90,Doctor,9127.65,2
137.49,Debit,ATM,34,50,Engineer,4471.05,0
504.71,Debit,Online,29,61,Engineer,6214.54,0
371.47,Credit,Branch,24,58,Student,1187.04,1
430.35,Debit,Online,36,205,Doctor,354.9,1
230.32,Debit,Branch,35,56,Engineer,791.46,1
121.71,Debit,ATM,52,140,Retired,5878.89,0
98.87,Debit,Online,20,179,Student,533.2,1
117.55,Debit,ATM,24,35,Student,897.94,1
244.64,Debit,Branch,30,103,Doctor,9159.56,2
321.93,Debit,ATM,45,12,Engineer,4392.73,0
283.23,Debit,Online,40,98,Engineer,2008.77,1
346.65,Debit,Online,30,60,Engineer,6356.96,0
381.62,Debit,Online,64,164,Retired,6009.12,0
388.65,Debit,ATM,76,43,Retired,7896.85,0
29.22,Debit,ATM,24,151,Student,1649.43,1
46.75,Debit,Branch,67,150,Retired,2840.43,1
348.64,Debit,Online,57,128,Retired,3274.96,1
319.17,Debit,Online,73,81,Retired,6501.56,0
73.95,Debit,ATM,26,76,Student,363.92,1
389.63,Debit,Online,27,99,Engineer,9748.48,2
217.61,Debit,ATM,19,45,Student,1404.53,1
199.84,Debit,ATM,21,150,Student,706.44,1
56.35,Debit,ATM,44,75,Doctor,5095.73,0
248.95,Credit,Branch,65,29,Retired,3059.79,1
142.58,Debit,ATM,33,145,Engineer,7844.23,0
333.78,Debit,ATM,60,98,Retired,6810.94,0
332.59,Debit,Online,55,143,Retired,1457.07,1
236.81,Debit,Branch,22,15,Student,813.68,1
417.8,Credit,Branch,27,130,Student,1518.82,1
319.27,Debit,ATM,50,150,Doctor,10269.78,2
384.1,Debit,Branch,42,172,Engineer,672.79,1
820.62,Credit,Branch,61,158,Doctor,6024.8,0
474.77,Credit,Online,56,50,Engineer,2158.59,1
542.72,Credit,Branch,43,92,Doctor,6011.8,0
79.8,Debit,ATM,73,76,Retired,6372.58,0
46.24,Debit,Branch,57,52,Engineer,2569.56,1
327.8,Debit,ATM,61,54,Doctor,10585.48,2
445.79,Debit,ATM,52,161,Doctor,717.99,1
55.89,Debit,Online,72,150,Retired,3689.65,1
158.41,Debit,Branch,28,16,Student,1512.16,1
101.19,Credit,Online,64,75,Doctor,14389.45,2
61.97,Debit,ATM,74,95,Retired,7014.69,0
27.21,Debit,ATM,79,102,Retired,3520.61,1
173.74,Debit,Online,80,64,Retired,4913.42,0
176.11,Debit,Branch,38,105,Engineer,9155.35,2
88.4,Debit,Online,46,174,Engineer,2567.53,1
567.92,Debit,Online,53,14,Retired,3779.47,1
138.11,Credit,Online,68,104,Retired,4177.65,0
456.93,Credit,Branch,28,193,Engineer,7284.76,0
101.42,Debit,Online,66,146,Retired,6530.59,0
300.61,Debit,Online,44,51,Doctor,7895.54,0
265.94,Debit,Online,54,132,Engineer,6781.3,0
345.54,Debit,Online,29,50,Engineer,2091.78,1
411.52,Debit,ATM,41,88,Doctor,11108.39,2
111.21,Debit,Branch,35,111,Doctor,9088.36,0
316.37,Debit,ATM,53,86,Engineer,4671.69,0
260.63,Debit,Branch,37,142,Engineer,7534.73,0
92.36,Debit,ATM,29,144,Engineer,6353.14,0
262.06,Debit,Branch,63,118,Doctor,13587.52,2
64.5,Debit,ATM,74,230,Retired,1351.24,1
175.94,Debit,ATM,57,89,Retired,3728.04,1
199.47,Debit,Online,57,142,Doctor,6067.44,0
51.07,Debit,Branch,63,133,Retired,4292.16,0
435.86,Debit,ATM,56,134,Retired,3801.82,1
74.73,Credit,Branch,64,162,Retired,6353.22,0
182.79,Credit,Online,23,14,Student,1251.85,1
628.36,Debit,Online,44,108,Doctor,11869.71,2
268.39,Debit,Online,29,177,Doctor,9409.43,2
362.27,Debit,ATM,80,47,Retired,6003.59,0
560.15,Credit,Online,50,92,Engineer,817.83,1
132.36,Debit,Branch,28,160,Student,319.65,1
24.77,Credit,Online,40,17,Engineer,478.23,1
80.24,Credit,Branch,53,58,Doctor,8012.81,0
8.65,Debit,ATM,68,198,Retired,4201.22,0
178.91,Debit,ATM,18,19,Student,8870.89,0
115.22,Debit,Branch,27,108,Engineer,906.2,1
161.63,Debit,Online,46,276,Doctor,9286.37,2
542.75,Credit,Branch,70,63,Retired,2224.08,1
317.47,Credit,Online,67,16,Doctor,14639.28,2
280.99,Debit,Branch,45,29,Engineer,9733.59,2
24.19,Debit,ATM,29,28,Engineer,2756.2,1
586.85,Debit,ATM,36,86,Doctor,6655.15,0
372.41,Debit,ATM,55,143,Retired,3233.87,1
63.17,Debit,ATM,20,148,Student,1676.57,1
383.69,Debit,Online,54,285,Engineer,8371.11,0
247.17,Credit,Branch,65,149,Retired,2611.64,1
48.78,Credit,Branch,18,136,Student,552.06,1
4.15,Credit,Branch,60,119,Retired,6017.36,0
60.99,Debit,Branch,34,58,Engineer,7281.46,0
408.19,Debit,Branch,26,241,Engineer,6847.47,0
524.6,Debit,Branch,58,76,Doctor,13017.7,2
108.96,Debit,ATM,26,247,Student,7597.66,0
70.03,Debit,Branch,63,49,Retired,7330.31,0
124.84,Debit,Online,52,79,Retired,6711.78,0
324.04,Debit,ATM,54,30,Retired,2248.06,1
39.69,Debit,Online,70,163,Retired,3524.68,1
157.7,Credit,Branch,58,46,Engineer,8332.58,0
81.27,Credit,Online,22,68,Student,1814.48,1
193.82,Debit,Branch,37,176,Engineer,3886.77,1
16.73,Debit,Online,79,165,Retired,7591.13,0
474.05,Debit,ATM,57,214,Retired,1484.31,1
637.75,Debit,Branch,79,152,Retired,4202.92,0
153.59,Credit,Branch,66,174,Retired,4813.12,0
186.6,Debit,Branch,18,139,Student,9716.68,2
644.08,Debit,Online,24,55,Student,1980.62,1
226.66,Debit,Branch,41,168,Doctor,10216.25,2
305.0,Debit,ATM,22,222,Student,944.83,1
233.1,Credit,Branch,42,37,Doctor,7469.2,0
793.13,Debit,Online,68,76,Doctor,13389.16,2
224.19,Debit,ATM,52,93,Doctor,8475.47,0
214.83,Credit,ATM,23,63,Student,991.69,1
163.46,Credit,Branch,63,111,Retired,6953.8,0
194.99,Debit,Branch,34,91,Engineer,1370.03,1
227.5,Debit,Online,34,277,Doctor,11505.35,2
259.9,Debit,Online,26,100,Student,914.28,1
59.51,Credit,Online,36,55,Doctor,9955.88,2
50.63,Debit,Online,64,143,Retired,4732.81,0
112.94,Credit,Online,73,31,Retired,3807.84,1
11.81,Debit,ATM,21,131,Student,320.25,1
329.14,Debit,Branch,55,14,Doctor,12033.92,2
154.24,Debit,ATM,61,82,Retired,6109.55,0
233.44,Debit,Online,20,297,Student,1691.88,1
141.8,Debit,ATM,18,116,Student,1697.67,1
209.03,Debit,Branch,55,126,Engineer,8359.5,0
261.14,Debit,ATM,42,162,Engineer,6100.08,0
101.81,Debit,ATM,45,105,Doctor,13872.03,2
98.71,Debit,ATM,32,117,Doctor,10095.23,2
87.38,Debit,Branch,21,252,Student,1504.99,1
83.39,Debit,Branch,32,158,Doctor,13182.11,2
267.55,Debit,Online,46,40,Engineer,4330.04,0
870.05,Debit,ATM,29,39,Doctor,905.25,1
154.32,Credit,ATM,38,269,Engineer,6972.5,0
164.51,Debit,Branch,78,110,Retired,3553.69,1
758.12,Debit,ATM,69,90,Retired,6164.65,0
103.76,Debit,Online,28,188,Engineer,9626.14,2
583.92,Debit,Online,55,139,Engineer,6364.14,0
204.06,Debit,Online,77,159,Retired,4351.83,0
53.51,Debit,Online,56,165,Retired,5773.5,0
52.95,Credit,Online,68,14,Retired,6335.58,0
120.17,Debit,ATM,49,105,Doctor,5403.79,0
220.8,Debit,Online,31,28,Engineer,8135.31,0
119.01,Debit,ATM,45,87,Doctor,9798.26,2
183.32,Debit,ATM,21,74,Student,137.42,1
858.88,Debit,Online,60,227,Engineer,7015.46,0
11.46,Credit,Online,41,128,Engineer,2356.71,1
61.37,Debit,Branch,75,164,Retired,4294.44,0
103.08,Credit,Branch,49,150,Engineer,9251.38,2
1.21,Debit,Branch,55,196,Retired,7542.74,0
425.18,Credit,Online,26,172,Engineer,9880.71,2
60.96,Debit,ATM,52,238,Retired,6189.24,0
64.21,Debit,ATM,51,37,Doctor,12540.18,2
523.02,Debit,Online,53,83,Retired,4586.11,0
50.26,Debit,Branch,65,164,Retired,1519.38,1
110.08,Debit,Branch,19,95,Student,1447.26,1
54.47,Credit,Branch,23,34,Student,1131.42,1
79.76,Debit,Online,68,115,Doctor,10278.75,2
16.79,Credit,Online,30,146,Doctor,535.15,1
68.62,Debit,Branch,29,157,Doctor,13891.47,2
157.16,Debit,Branch,20,280,Student,1545.77,1
643.38,Credit,Online,18,105,Student,1046.74,1
328.34,Credit,Online,42,31,Engineer,2840.45,1
72.68,Debit,Online,69,44,Retired,6216.77,0
354.76,Debit,Branch,51,279,Doctor,10141.92,2
793.88,Credit,ATM,22,252,Student,1404.06,1
29.22,Debit,ATM,27,69,Engineer,7795.79,0
653.97,Debit,Online,37,100,Engineer,3886.65,1
366.43,Credit,Online,21,92,Student,1560.45,1
233.74,Debit,Online,72,142,Retired,4749.54,0
471.84,Debit,ATM,18,138,Student,1044.33,1
213.4,Credit,Branch,73,100,Retired,2012.24,1
254.21,Debit,ATM,48,46,Engineer,2487.2,1
577.73,Debit,ATM,37,63,Doctor,14977.99,2
170.26,Debit,ATM,27,265,Student,1969.48,1
330.61,Credit,Branch,64,113,Retired,2525.25,1
132.33,Credit,ATM,35,47,Engineer,7457.94,0
672.74,Credit,Branch,46,118,Engineer,5386.52,0
74.04,Debit,Online,18,66,Student,1690.23,1
197.18,Debit,Online,28,135,Engineer,3114.92,1
21.15,Debit,Branch,70,180,Retired,3466.74,1
218.37,Debit,ATM,62,105,Doctor,9942.24,2
697.82,Debit,Online,44,153,Engineer,6824.0,0
148.0,Debit,Branch,20,35,Student,1488.65,1
22.26,Debit,Branch,19,56,Student,5583.88,0
0.86,Debit,ATM,25,139,Student,1357.22,1
757.1,Debit,Branch,65,203,Doctor,10553.23,2
38.81,Credit,Online,25,145,Student,1619.6,1
32.46,Debit,Online,31,10,Doctor,8656.18,0
20.64,Debit,Branch,22,59,Student,949.38,1
662.11,Debit,Branch,23,219,Student,1996.38,1
288.77,Debit,ATM,55,110,Engineer,8836.51,0
35.05,Debit,Branch,30,105,Doctor,14330.47,2
214.73,Credit,ATM,46,26,Doctor,5368.42,0
25.38,Debit,Branch,57,66,Engineer,8616.05,0
617.66,Debit,ATM,41,40,Engineer,5906.58,0
446.39,Debit,ATM,63,77,Retired,7863.6,0
377.92,Debit,Branch,33,204,Engineer,2254.71,1
11.04,Debit,Online,30,43,Engineer,6983.04,0
275.46,Debit,ATM,36,67,Doctor,9697.75,2
179.76,Debit,Online,78,81,Retired,5909.52,0
32.34,Debit,Branch,44,45,Doctor,7847.62,0
273.92,Debit,Branch,79,109,Retired,4543.56,0
375.45,Debit,Branch,19,32,Student,1307.23,1
388.98,Debit,ATM,23,155,Student,1819.91,1
492.84,Debit,ATM,25,38,Student,577.67,1
148.85,Debit,ATM,57,25,Doctor,7802.36,0
391.66,Debit,Branch,50,103,Engineer,2406.31,1
185.99,Credit,Branch,41,53,Engineer,402.45,1
322.48,Debit,ATM,27,57,Student,1238.43,1
20.27,Debit,Branch,18,22,Student,796.35,1
199.02,Debit,ATM,61,269,Retired,4658.89,0
104.23,Credit,Online,63,108,Retired,5009.29,0
55.86,Debit,Online,39,68,Engineer,5346.46,0
10.77,Debit,ATM,31,178,Doctor,10704.95,2
95.55,Debit,Branch,33,51,Engineer,2434.74,1
477.07,Debit,Online,27,278,Engineer,6568.07,0
9.1,Credit,Online,52,63,Retired,2791.45,1
21.41,Debit,Online,57,99,Doctor,658.91,1
278.28,Debit,Branch,28,26,Student,1346.88,1
388.1,Credit,Online,73,40,Retired,3022.12,1
215.39,Debit,ATM,27,216,Student,1582.55,1
194.37,Debit,ATM,66,161,Doctor,14395.88,2
37.7,Debit,ATM,20,109,Student,1741.1,1
19.59,Debit,Branch,64,122,Retired,1061.69,1
81.35,Debit,Online,41,103,Engineer,7192.45,0
314.54,Credit,Branch,58,228,Engineer,9923.45,2
466.64,Debit,ATM,58,11,Doctor,10915.11,2
397.01,Debit,ATM,22,100,Student,719.52,1
472.48,Debit,Branch,55,87,Engineer,7128.82,0
67.15,Debit,Online,59,14,Doctor,9028.49,0
102.67,Debit,Branch,79,119,Retired,4656.94,0
453.49,Debit,Branch,66,147,Doctor,6366.43,0
267.17,Debit,ATM,26,170,Student,1382.62,1
111.26,Debit,ATM,66,43,Doctor,14350.11,2
121.17,Debit,ATM,68,158,Doctor,12990.77,2
213.28,Debit,Branch,51,94,Retired,4835.91,0
187.88,Debit,ATM,60,180,Engineer,2154.58,1
471.88,Credit,Online,34,141,Doctor,14833.34,2
83.79,Debit,ATM,57,47,Engineer,5061.3,0
212.14,Debit,Branch,72,105,Retired,7225.06,0
99.16,Debit,Online,79,202,Retired,2607.58,1
839.33,Credit,Branch,60,86,Doctor,11538.97,2
4.24,Debit,Online,38,38,Engineer,7822.73,0
50.29,Credit,Online,58,64,Doctor,7604.9,0
135.85,Debit,Online,57,269,Retired,1480.39,1
368.53,Debit,Branch,68,34,Doctor,13696.31,2
17.95,Credit,Branch,64,135,Doctor,12344.9,2
127.8,Credit,Branch,31,47,Engineer,8630.99,0
16.73,Debit,Online,45,48,Engineer,2202.62,1
317.12,Debit,Branch,44,80,Doctor,14409.74,2
476.63,Debit,ATM,79,115,Retired,4894.25,0
156.58,Debit,Branch,24,160,Student,8981.61,0
55.12,Credit,Online,34,261,Engineer,3791.99,1
15.74,Debit,Branch,27,38,Student,690.16,1
353.68,Debit,Online,70,145,Retired,6777.12,0
297.15,Debit,Online,76,178,Retired,5449.37,0
647.85,Debit,Branch,36,121,Doctor,13779.97,2
75.04,Debit,ATM,49,178,Engineer,9648.6,2
273.92,Debit,Online,28,35,Student,1029.15,1
215.8,Credit,Branch,51,66,Retired,3656.62,1
420.6,Debit,Branch,26,55,Student,1778.75,1
688.36,Credit,Branch,23,22,Student,5191.13,0
285.18,Credit,Branch,55,150,Doctor,14847.97,2
213.55,Debit,ATM,63,15,Doctor,5238.37,0
463.11,Credit,Branch,51,159,Doctor,10238.82,2
150.03,Debit,ATM,73,176,Retired,7491.42,0
428.61,Debit,Branch,51,131,Retired,2116.36,1
309.56,Debit,Online,58,147,Doctor,972.04,1
377.08,Credit,Branch,26,71,Student,6430.86,0
77.25,Debit,Branch,68,157,Doctor,14077.97,2
146.92,Debit,ATM,64,272,Retired,3990.6,1
126.6,Debit,Branch,22,146,Student,961.65,1
101.34,Debit,ATM,24,46,Student,703.26,1
184.97,Debit,Branch,58,268,Doctor,1156.67,1
451.15,Debit,ATM,46,175,Engineer,1356.47,1
516.47,Credit,ATM,25,94,Student,1305.06,1
880.04,Debit,ATM,25,29,Student,261.97,1
353.69,Debit,Online,59,163,Engineer,9500.79,2
66.69,Credit,Branch,25,140,Student,1210.33,1
95.75,Debit,Branch,31,169,Engineer,337.62,1
43.91,Debit,Online,27,86,Student,1806.68,1
98.03,Debit,Branch,54,165,Engineer,6323.45,0
617.66,Debit,ATM,42,128,Engineer,7155.95,0
888.57,Debit,Online,62,102,Retired,7896.14,0
107.48,Debit,Branch,22,129,Student,591.23,1
36.57,Debit,ATM,62,69,Retired,2583.07,1
575.62,Debit,Online,43,129,Doctor,234.41,1
84.89,Debit,ATM,37,70,Engineer,4735.61,0
832.3,Credit,Branch,69,86,Retired,6617.52,0
7.76,Credit,Online,52,84,Retired,7393.11,0
109.3,Debit,Branch,56,27,Doctor,13510.11,2
230.08,Debit,Online,79,124,Retired,4466.1,0
361.92,Debit,ATM,54,111,Retired,7474.31,0
122.45,Debit,Branch,46,98,Doctor,7255.49,0
642.53,Debit,ATM,65,128,Doctor,11417.91,2
62.86,Debit,Branch,25,31,Student,1040.43,1
175.21,Credit,ATM,69,69,Doctor,6039.04,0
168.0,Credit,Branch,32,11,Engineer,3498.58,1
11.46,Debit,Online,67,73,Retired,6628.75,0
382.07,Credit,Branch,62,147,Doctor,10156.09,2
65.32,Debit,ATM,28,54,Student,9165.02,2
730.1,Credit,Branch,77,93,Retired,6384.05,0
85.31,Debit,ATM,62,27,Retired,6095.65,0
726.61,Debit,ATM,18,277,Student,1008.76,1
130.4,Debit,Branch,45,63,Engineer,4381.24,0
68.1,Debit,ATM,20,47,Student,1382.8,1
65.26,Debit,Branch,26,72,Student,7380.63,0
191.62,Debit,Branch,63,51,Doctor,1981.67,1
212.88,Debit,Online,39,122,Doctor,7036.72,0
88.38,Debit,ATM,30,138,Engineer,3707.82,1
48.77,Credit,Online,42,51,Engineer,2040.16,1
289.1,Debit,ATM,27,206,Student,267.53,1
390.09,Debit,Online,26,49,Engineer,2617.23,1
48.29,Debit,Online,37,242,Engineer,8883.4,0
333.83,Debit,ATM,63,135,Retired,1660.66,1
100.27,Debit,Online,79,51,Retired,4309.9,0
44.54,Debit,ATM,31,164,Engineer,362.4,1
82.17,Debit,Branch,28,21,Student,1913.06,1
447.42,Debit,Online,32,65,Engineer,6133.22,0
590.26,Credit,Branch,25,48,Student,1068.28,1
192.73,Debit,Branch,71,157,Retired,2037.75,1
146.01,Debit,Online,26,269,Student,221.79,1
11.57,Credit,Branch,56,64,Retired,2061.61,1
102.34,Debit,Online,51,78,Doctor,9326.28,2
7.82,Debit,ATM,36,273,Engineer,2240.49,1
79.43,Debit,ATM,74,72,Retired,6579.37,0
386.97,Debit,Branch,58,137,Retired,1876.35,1
51.22,Debit,Branch,23,82,Student,1664.59,1
256.05,Debit,ATM,54,35,Retired,6910.18,0
7.79,Debit,Branch,34,298,Doctor,1319.85,1
233.71,Debit,Branch,63,11,Doctor,6095.5,0
176.37,Debit,Branch,55,126,Retired,2420.86,1
122.63,Debit,Branch,21,153,Student,359.06,1
86.41,Debit,ATM,75,125,Retired,3128.71,1
21.57,Debit,ATM,54,71,Retired,7587.48,0
82.67,Debit,Branch,26,46,Student,290.59,1
451.35,Credit,Branch,47,223,Engineer,7707.96,0
299.42,Credit,Branch,63,53,Retired,4735.41,0
543.47,Debit,ATM,18,122,Student,6165.03,0
346.76,Credit,Branch,21,116,Student,1637.75,1
47.48,Debit,Branch,24,66,Student,585.52,1
64.92,Debit,Branch,58,236,Engineer,5481.76,0
350.72,Credit,ATM,28,48,Student,1982.9,1
3.8,Debit,Online,65,174,Doctor,5766.96,0
22.54,Debit,Online,26,42,Engineer,7139.11,0
767.14,Credit,Branch,62,38,Retired,4732.57,0
167.47,Debit,ATM,35,103,Engineer,2293.13,1
43.65,Credit,Branch,30,212,Engineer,2870.67,1
391.08,Debit,Online,56,105,Retired,6885.16,0
390.77,Debit,Online,44,34,Doctor,5500.56,0
508.16,Debit,ATM,39,131,Engineer,5609.44,0
36.76,Credit,Online,65,108,Retired,1228.93,1
332.33,Debit,ATM,27,101,Student,192.63,1
362.09,Debit,Branch,32,31,Engineer,6590.28,0
42.58,Debit,Online,30,80,Doctor,13485.0,2
122.35,Credit,Branch,53,188,Retired,6472.5,0
248.66,Debit,Online,28,113,Engineer,2571.39,1
461.25,Credit,Online,54,171,Doctor,676.1,1
61.77,Debit,Branch,56,49,Doctor,12352.2,2
268.92,Debit,Branch,29,148,Engineer,8765.38,0
219.02,Credit,Online,54,68,Engineer,7375.73,0
125.14,Debit,Branch,20,31,Student,1845.18,1
47.6,Debit,Online,53,115,Engineer,1382.51,1
592.82,Debit,Online,74,248,Retired,7508.98,0
372.5,Debit,ATM,22,211,Student,3901.82,1
4.72,Debit,Branch,32,20,Engineer,4792.01,0
144.93,Debit,Branch,42,74,Engineer,6887.52,0
316.56,Debit,Online,28,261,Engineer,8643.51,0
9.18,Debit,Online,22,140,Student,887.32,1
421.25,Debit,Online,25,66,Student,7174.69,0
185.71,Debit,Branch,48,194,Engineer,2679.91,1
26.27,Credit,Online,45,177,Engineer,8853.93,0
297.03,Debit,Online,61,151,Retired,1088.62,1
99.52,Debit,ATM,52,127,Engineer,3798.09,1
881.1,Debit,Branch,28,16,Student,9951.68,2
139.69,Debit,Online,52,180,Engineer,9567.94,2
42.72,Debit,ATM,37,143,Engineer,2669.66,1
112.72,Debit,Branch,31,17,Doctor,9630.0,2
568.88,Debit,Branch,19,105,Student,1307.86,1
189.03,Debit,ATM,28,50,Student,1916.46,1
199.8,Debit,ATM,20,163,Student,167.28,1
189.08,Debit,Branch,68,238,Doctor,10790.8,2
409.59,Debit,Online,35,50,Doctor,14563.02,2
349.34,Credit,ATM,28,245,Student,614.14,1
283.15,Debit,Online,24,180,Student,603.79,1
151.82,Debit,ATM,51,105,Retired,2197.12,1
438.59,Debit,Online,37,103,Engineer,8994.39,0
590.57,Debit,ATM,79,93,Retired,3224.6,1
63.74,Debit,Online,63,31,Retired,4336.4,0
77.02,Credit,Online,59,132,Doctor,800.83,1
501.15,Debit,Branch,47,208,Engineer,8821.84,0
8.95,Debit,Online,76,102,Retired,3299.84,1
173.6,Debit,Online,21,160,Student,421.44,1
149.4,Debit,ATM,53,123,Retired,1035.22,1
388.21,Credit,Branch,53,237,Doctor,9724.49,2
126.04,Credit,Branch,65,167,Retired,6041.69,0
52.04,Credit,Branch,50,31,Doctor,8436.12,0
389.7,Credit,Branch,62,216,Doctor,7125.15,0
161.1,Credit,ATM,19,104,Student,239.12,1
309.77,Credit,Online,67,137,Retired,4378.14,0
838.57,Debit,ATM,41,273,Doctor,14576.47,2
724.18,Debit,Branch,41,134,Doctor,10922.78,2
124.98,Debit,ATM,24,78,Student,642.0,1
487.32,Debit,Branch,52,164,Doctor,7707.96,0
635.91,Credit,Branch,46,78,Doctor,13267.09,2
205.65,Debit,Branch,62,144,Retired,3582.16,1
39.41,Debit,Branch,25,132,Student,921.91,1
254.0,Debit,Branch,35,63,Doctor,5788.53,0
436.8,Debit,Branch,36,213,Engineer,4515.43,0
224.73,Debit,Branch,76,63,Retired,7551.89,0
752.69,Credit,ATM,65,115,Doctor,14489.69,2
78.5,Credit,Branch,31,41,Doctor,13991.5,2
50.0,Credit,ATM,53,87,Doctor,185.87,1
132.42,Debit,ATM,18,164,Student,726.39,1
11.67,Debit,Branch,76,105,Retired,7458.63,0
83.16,Debit,ATM,61,177,Retired,3065.87,1
149.02,Credit,Branch,46,176,Engineer,9379.72,2
74.27,Credit,Online,59,148,Doctor,13696.61,2
876.57,Credit,ATM,62,118,Retired,3743.63,1
615.58,Debit,ATM,42,133,Doctor,14343.0,2
643.03,Credit,Online,36,52,Engineer,2882.16,1
7.95,Debit,ATM,79,65,Retired,5631.2,0
270.92,Credit,Branch,77,143,Retired,4574.43,0
499.48,Debit,ATM,24,133,Student,1242.62,1
841.5,Credit,Branch,25,287,Student,352.31,1
138.82,Debit,Online,77,53,Retired,3100.22,1
231.46,Credit,Branch,60,83,Engineer,4707.24,0
292.08,Debit,ATM,72,32,Retired,7950.48,0
63.98,Debit,Online,54,258,Doctor,7954.12,0
235.21,Debit,Branch,67,74,Doctor,5946.61,0
201.73,Debit,Online,57,78,Engineer,6650.71,0
161.31,Debit,ATM,28,13,Student,1268.67,1
18.41,Debit,Branch,53,168,Doctor,8287.54,0
471.75,Credit,Branch,34,41,Doctor,12948.5,2
290.02,Debit,Branch,55,246,Engineer,4746.71,0
48.05,Debit,Branch,27,38,Engineer,5334.97,0
359.42,Debit,Branch,55,30,Doctor,1765.45,1
32.91,Debit,Online,19,255,Student,427.3,1
3.8,Debit,Branch,67,140,Retired,6285.39,0
31.81,Debit,Online,51,149,Retired,1406.6,1
220.2,Debit,Online,28,102,Student,1075.15,1
476.03,Credit,Branch,77,99,Retired,5958.34,0
141.91,Debit,Branch,23,49,Student,791.97,1
95.83,Debit,Online,27,91,Student,1726.4,1
51.15,Credit,Branch,46,199,Engineer,8992.25,0
50.75,Debit,ATM,62,185,Doctor,8271.47,0
185.07,Debit,Branch,22,159,Student,636.42,1
293.54,Debit,Online,40,45,Engineer,2290.1,1
23.38,Debit,Branch,32,89,Engineer,9968.49,2
285.26,Debit,ATM,28,93,Student,167.72,1
129.48,Debit,ATM,31,179,Engineer,7581.7,0
743.03,Debit,ATM,50,174,Engineer,4111.38,0
297.86,Credit,ATM,28,96,Student,1680.14,1
231.92,Debit,ATM,66,12,Doctor,5715.08,0
295.82,Credit,Branch,47,46,Engineer,5897.73,0
302.86,Debit,Online,55,275,Doctor,5239.24,0
81.08,Debit,ATM,58,56,Engineer,7788.91,0
775.6,Credit,Branch,79,158,Retired,3898.64,1
178.43,Debit,Branch,26,136,Student,1214.93,1
211.91,Debit,Online,20,181,Student,927.47,1
17.21,Debit,Online,23,219,Student,914.16,1
124.22,Debit,ATM,23,172,Student,9695.04,2
38.37,Debit,ATM,63,135,Doctor,8647.04,0
269.79,Debit,ATM,52,17,Engineer,1292.1,1
605.42,Debit,ATM,21,33,Student,392.34,1
11.19,Debit,ATM,60,40,Engineer,9877.17,2
29.19,Credit,Branch,58,41,Doctor,12059.85,2
701.7,Credit,Online,61,64,Retired,6643.24,0
862.34,Debit,Branch,57,72,Doctor,9903.48,2
410.97,Debit,ATM,22,45,Student,151.42,1
36.97,Debit,Branch,41,79,Engineer,2850.92,1
137.59,Debit,ATM,30,95,Doctor,10679.67,2
168.11,Credit,Online,51,12,Doctor,10652.13,2
430.98,Debit,Branch,24,93,Student,569.25,1
13.87,Debit,Branch,24,20,Student,954.83,1
642.68,Debit,ATM,76,66,Retired,1831.2,1
302.82,Debit,ATM,36,175,Engineer,9384.54,2
406.81,Debit,Online,66,84,Retired,1968.36,1
256.3,Debit,Online,53,172,Retired,4203.05,0
80.96,Credit,Online,19,97,Student,959.94,1
95.78,Debit,Online,22,27,Student,271.64,1
379.54,Credit,Branch,41,118,Doctor,12571.76,2
903.19,Debit,Online,22,65,Student,8627.08,0
847.45,Debit,Branch,28,175,Student,422.32,1
295.18,Credit,Branch,66,31,Doctor,12961.53,2
18.46,Debit,Branch,68,213,Retired,6381.6,0
603.23,Debit,Branch,28,48,Student,117.98,1
54.5,Credit,Branch,57,147,Retired,1715.22,1
414.77,Debit,Online,29,274,Doctor,5599.81,0
886.19,Debit,Branch,61,69,Retired,7904.24,0
440.03,Debit,Online,49,88,Engineer,1490.44,1
35.46,Debit,ATM,56,285,Retired,1532.72,1
76.39,Debit,Branch,18,219,Student,5976.0,0
595.91,Credit,ATM,19,162,Student,1673.76,1
6.03,Debit,Branch,76,70,Retired,3290.72,1
249.34,Debit,ATM,26,197,Engineer,3030.97,1
421.52,Debit,Branch,20,67,Student,369.86,1
189.77,Debit,Branch,58,24,Engineer,6570.36,0
73.19,Debit,Branch,76,213,Retired,2264.98,1
188.13,Credit,Online,75,198,Retired,5029.87,0
30.52,Debit,Branch,62,122,Doctor,12327.74,2
170.24,Debit,Branch,62,133,Retired,5172.99,0
56.62,Debit,Branch,54,121,Doctor,8981.1,0
53.14,Debit,ATM,34,70,Doctor,7915.0,0
587.23,Debit,Online,27,144,Student,500.84,1
146.15,Debit,Branch,43,75,Doctor,13784.4,2
21.27,Credit,Online,62,114,Retired,7392.79,0
76.02,Credit,Online,34,189,Doctor,14765.41,2
155.51,Debit,ATM,68,15,Doctor,5360.19,0
135.15,Debit,Online,72,50,Retired,5878.14,0
39.48,Debit,ATM,56,38,Retired,5889.51,0
451.68,Debit,Online,33,15,Engineer,4381.54,0
19.11,Credit,Online,49,160,Engineer,8478.46,0
355.0,Credit,Online,26,33,Student,185.47,1
427.69,Debit,ATM,43,236,Engineer,2443.54,1
254.86,Debit,Branch,23,102,Student,699.9,1
19.48,Debit,ATM,27,114,Engineer,4739.59,0
190.17,Debit,ATM,49,265,Doctor,12893.85,2
91.38,Debit,ATM,65,179,Retired,2402.58,1
206.63,Credit,Online,59,128,Retired,7626.53,0
93.22,Debit,Online,52,52,Retired,1014.63,1
547.98,Debit,ATM,28,171,Student,1358.54,1
641.06,Debit,ATM,23,25,Student,1602.13,1
836.45,Debit,Online,61,63,Retired,1731.89,1
189.45,Credit,Branch,53,62,Doctor,12578.75,2
91.84,Credit,Branch,67,80,Retired,1712.41,1
609.52,Debit,ATM,78,169,Retired,3485.03,1
859.3,Credit,Branch,78,68,Retired,1146.78,1
100.01,Debit,ATM,50,63,Doctor,6393.12,0
28.78,Credit,Online,40,51,Doctor,680.55,1
111.08,Debit,Online,70,83,Doctor,7037.34,0
52.23,Credit,Branch,28,96,Student,105.01,1
78.62,Debit,Branch,32,52,Doctor,1360.85,1
47.79,Debit,Branch,25,37,Student,1649.92,1
333.97,Debit,Branch,52,45,Doctor,5237.36,0
30.87,Debit,ATM,33,295,Doctor,14348.65,2
710.43,Debit,Online,67,115,Retired,5625.55,0
220.23,Debit,ATM,41,48,Engineer,3438.02,1
27.28,Debit,ATM,29,96,Doctor,10668.24,2
101.52,Debit,ATM,49,98,Engineer,2018.9,1
162.65,Debit,ATM,59,147,Engineer,9500.95,2
10.52,Debit,ATM,55,30,Retired,2472.99,1
270.72,Debit,Branch,38,37,Doctor,6522.47,0
202.34,Debit,Online,20,134,Student,1223.45,1
247.58,Debit,ATM,39,152,Engineer,778.74,1
686.17,Debit,ATM,61,96,Retired,2246.15,1
359.65,Credit,Online,25,289,Student,219.53,1
109.91,Debit,Branch,38,90,Doctor,12896.06,2
215.72,Credit,Branch,30,137,Engineer,8697.11,0
490.76,Debit,Online,66,156,Retired,6414.11,0
224.28,Debit,Online,64,68,Retired,5767.51,0
614.03,Debit,ATM,68,51,Retired,2815.86,1
608.79,Debit,Online,55,157,Engineer,2991.17,1
186.55,Debit,Branch,48,288,Engineer,224.65,1
840.16,Credit,Branch,20,68,Student,1236.76,1
203.34,Debit,ATM,60,66,Doctor,13586.99,2
90.88,Debit,ATM,26,284,Engineer,7117.35,0
60.11,Credit,Branch,61,122,Retired,7235.87,0
393.92,Debit,Branch,72,47,Retired,7318.64,0
19.39,Debit,ATM,43,45,Doctor,9847.6,2
557.41,Credit,Online,80,49,Retired,2968.75,1
57.07,Credit,Online,31,99,Doctor,9323.71,2
395.27,Credit,Online,18,167,Student,1764.08,1
289.05,Debit,ATM,75,116,Retired,5683.49,0
46.11,Debit,Online,33,233,Doctor,5225.73,0
335.5,Debit,ATM,63,47,Retired,6445.4,0
388.07,Debit,Online,24,68,Student,289.71,1
520.86,Credit,Online,51,66,Engineer,9200.74,2
787.41,Debit,Online,25,39,Student,300.87,1
31.7,Credit,ATM,48,121,Doctor,743.9,1
22.3,Debit,ATM,21,90,Student,1200.35,1
203.12,Debit,ATM,56,181,Retired,1562.39,1
315.94,Credit,Branch,49,172,Doctor,7719.71,0
0.26,Debit,Online,20,173,Student,1833.67,1
210.77,Debit,ATM,71,161,Retired,5396.65,0
406.65,Debit,ATM,57,107,Doctor,12995.7,2
422.9,Debit,ATM,40,111,Engineer,7616.43,0
20.62,Credit,ATM,35,225,Doctor,12500.8,2
174.39,Debit,ATM,19,36,Student,1127.08,1
7.86,Credit,Branch,76,91,Retired,3621.98,1
61.98,Debit,Online,49,44,Engineer,5212.28,0
54.85,Credit,Branch,58,40,Retired,2727.45,1
16.55,Debit,Branch,26,159,Engineer,6089.79,0
91.32,Debit,Branch,58,77,Engineer,2618.1,1
195.49,Debit,ATM,31,212,Doctor,11988.12,2
49.62,Debit,ATM,55,111,Engineer,3841.42,1
487.16,Credit,Branch,28,84,Student,321.21,1
405.6,Debit,Online,37,44,Engineer,9754.73,2
512.95,Debit,Branch,57,143,Engineer,9584.52,2
345.94,Debit,ATM,31,163,Doctor,7624.56,0
356.56,Debit,Online,47,52,Engineer,2485.73,1
10.31,Debit,Online,36,280,Engineer,2137.9,1
211.69,Debit,Branch,30,111,Doctor,6412.85,0
221.49,Credit,Branch,23,196,Student,707.25,1
278.23,Debit,Online,48,83,Engineer,8300.54,0
116.88,Debit,ATM,45,263,Doctor,7717.34,0
328.77,Credit,Online,39,247,Doctor,6967.03,0
77.53,Debit,Branch,54,55,Retired,5158.6,0
421.74,Debit,Online,67,103,Doctor,12031.14,2
313.69,Debit,Branch,73,152,Retired,7093.68,0
411.72,Debit,Branch,29,153,Doctor,8539.86,0
508.73,Debit,Branch,59,89,Retired,7640.57,0
153.08,Debit,ATM,24,201,Student,1292.21,1
23.01,Debit,Branch,63,166,Retired,5958.75,0
69.28,Debit,Online,25,129,Student,708.74,1
51.25,Credit,Branch,28,66,Student,1744.4,1
407.65,Debit,ATM,25,263,Student,273.78,1
459.25,Debit,Branch,25,59,Student,130.76,1
301.56,Debit,Branch,49,118,Doctor,10389.6,2
17.67,Debit,Online,63,91,Doctor,1048.18,1
5.29,Credit,Online,32,132,Doctor,12896.68,2
401.37,Debit,Branch,43,251,Engineer,8208.54,0
145.4,Debit,Online,38,24,Engineer,5244.49,0
556.34,Debit,Online,37,46,Doctor,11935.14,2
34.31,Debit,ATM,24,251,Student,1484.76,1
780.59,Credit,Online,23,145,Student,6513.34,0
282.65,Debit,ATM,35,161,Doctor,13801.15,2
305.27,Debit,Online,68,147,Doctor,12958.65,2
185.81,Debit,Online,32,116,Doctor,9588.71,2
66.01,Debit,Online,49,179,Engineer,3475.99,1
447.95,Debit,Branch,29,75,Engineer,7544.4,0
279.3,Debit,ATM,19,48,Student,1193.61,1
26.75,Debit,Online,33,27,Doctor,12063.77,2
611.15,Debit,ATM,27,121,Student,892.83,1
275.2,Debit,Online,54,81,Engineer,1230.12,1
427.79,Debit,Branch,18,189,Student,1479.67,1
469.13,Credit,ATM,54,139,Doctor,1265.28,1
102.81,Debit,Branch,76,47,Retired,3228.87,1
22.61,Debit,Online,19,145,Student,1111.67,1
68.28,Debit,Online,56,293,Engineer,3213.16,1
33.65,Credit,Online,63,146,Doctor,12719.93,2
362.68,Credit,ATM,63,137,Retired,2040.77,1
73.23,Debit,Branch,20,172,Student,1309.85,1
654.49,Credit,Online,25,104,Student,164.61,1
18.56,Credit,Branch,49,161,Engineer,4230.37,0
389.05,Debit,ATM,27,41,Student,761.0,1
7.38,Debit,Online,67,105,Retired,2923.83,1
109.48,Debit,Online,61,93,Retired,7372.47,0
66.91,Debit,ATM,39,85,Doctor,871.1,1
335.48,Debit,Branch,45,155,Engineer,3023.16,1
38.14,Debit,Online,19,174,Student,1119.21,1
360.02,Debit,Online,68,68,Retired,6400.59,0
567.71,Debit,Online,63,80,Doctor,13884.24,2
218.19,Debit,ATM,19,185,Student,620.83,1
209.99,Debit,ATM,19,40,Student,1938.01,1
11.02,Debit,Branch,19,280,Student,964.79,1
83.43,Debit,Online,56,109,Retired,1870.16,1
344.97,Debit,Online,34,106,Doctor,5577.94,0
172.29,Debit,ATM,36,283,Engineer,8700.8,0
195.54,Debit,Online,60,255,Retired,2794.66,1
101.23,Debit,Online,45,87,Engineer,6169.71,0
180.46,Debit,ATM,25,34,Student,831.75,1
692.55,Debit,Branch,53,109,Retired,2451.56,1
147.31,Credit,Online,34,92,Doctor,13625.52,2
107.48,Debit,Branch,20,103,Student,1379.39,1
81.51,Debit,Branch,25,97,Student,865.49,1
365.48,Credit,Online,76,216,Retired,7147.4,0
491.1,Credit,Online,35,125,Engineer,7833.85,0
452.8,Debit,Branch,80,151,Retired,4840.67,0
645.04,Debit,Branch,70,78,Retired,7361.47,0
169.28,Debit,Branch,45,114,Doctor,5128.44,0
88.42,Debit,ATM,62,91,Doctor,12381.45,2
155.53,Debit,ATM,29,66,Engineer,4008.05,1
39.24,Debit,ATM,77,106,Retired,6462.41,0
78.77,Credit,ATM,48,50,Engineer,6470.57,0
26.5,Debit,Online,48,179,Engineer,4854.83,0
83.62,Debit,ATM,48,146,Doctor,12652.22,2
142.78,Debit,Branch,68,150,Doctor,11705.88,2
55.99,Debit,ATM,35,95,Doctor,932.61,1
774.48,Debit,Branch,61,31,Doctor,11613.58,2
105.37,Debit,ATM,25,160,Student,1068.55,1
118.83,Debit,Online,28,295,Student,1616.3,1
46.22,Debit,Branch,23,217,Student,471.28,1
659.71,Credit,Branch,21,148,Student,106.86,1
377.97,Debit,Online,72,160,Retired,2457.1,1
114.1,Debit,Branch,69,148,Retired,5882.12,0
11.3,Credit,Online,55,41,Retired,1938.99,1
95.5,Debit,Online,57,17,Retired,4079.09,1
130.93,Credit,Branch,28,149,Engineer,860.12,1
272.97,Debit,Online,68,174,Retired,7811.31,0
73.35,Debit,Branch,24,47,Student,1181.84,1
29.94,Debit,ATM,58,243,Doctor,10915.54,2
50.52,Debit,Online,20,140,Student,1121.19,1
820.46,Credit,Online,53,243,Engineer,5621.86,0
153.07,Debit,ATM,56,116,Engineer,8873.43,0
52.94,Debit,Branch,41,146,Doctor,6990.92,0
384.41,Debit,ATM,60,65,Engineer,7831.56,0
235.42,Debit,Branch,51,175,Retired,6173.23,0
114.23,Debit,ATM,56,64,Doctor,9523.72,2
12.62,Debit,Branch,33,61,Doctor,6420.47,0
373.52,Debit,ATM,35,235,Engineer,6430.41,0
336.05,Debit,Branch,28,164,Student,1635.05,1
366.93,Debit,Online,66,33,Retired,6697.79,0
112.27,Debit,Branch,58,102,Doctor,7369.89,0
494.96,Debit,ATM,40,132,Engineer,6903.68,0
561.58,Debit,Online,65,23,Doctor,11748.86,2
440.94,Debit,Online,42,148,Doctor,7303.23,0
71.9,Debit,Branch,29,51,Doctor,10619.35,2
256.66,Credit,Online,54,137,Retired,1794.5,1
166.55,Credit,Branch,59,99,Doctor,12970.21,2
276.26,Debit,Branch,56,143,Doctor,120.89,1
35.46,Debit,ATM,67,164,Doctor,5692.31,0
38.14,Debit,Branch,50,165,Engineer,9879.87,2
506.26,Credit,ATM,64,86,Retired,6266.65,0
736.32,Debit,Online,31,28,Doctor,14268.95,2
389.43,Credit,ATM,52,151,Engineer,6449.83,0
25.58,Debit,ATM,60,166,Engineer,6741.41,0
446.1,Debit,ATM,25,243,Student,1008.44,1
147.74,Debit,Branch,23,15,Student,1711.78,1
46.23,Debit,Online,77,282,Retired,5107.75,0
265.37,Debit,Branch,33,77,Engineer,5229.95,0
342.57,Debit,Online,20,91,Student,339.16,1
417.26,Credit,Online,32,45,Doctor,10442.48,2
33.63,Debit,Online,63,76,Retired,4324.4,0
64.58,Debit,Branch,55,173,Retired,6292.29,0
23.23,Credit,Branch,21,122,Student,269.01,1
160.52,Credit,ATM,78,112,Retired,5379.25,0
285.49,Credit,Branch,53,109,Doctor,6366.84,0
71.87,Debit,ATM,22,258,Student,1839.1,1
308.8,Debit,ATM,53,41,Retired,3966.54,1
135.35,Debit,Branch,33,82,Engineer,9983.36,2
288.43,Debit,Branch,66,72,Retired,4577.09,0
147.46,Credit,Online,65,205,Doctor,7458.03,0
214.15,Debit,Branch,32,217,Engineer,6397.29,0
170.36,Debit,ATM,30,118,Doctor,6034.73,0
736.53,Debit,ATM,55,120,Engineer,9826.26,2
213.42,Debit,ATM,45,17,Engineer,3736.38,1
94.09,Debit,Branch,27,203,Student,646.85,1
91.23,Debit,ATM,72,86,Retired,6385.12,0
263.92,Credit,Branch,57,233,Retired,4161.71,0
77.5,Credit,Online,51,201,Doctor,11079.77,2
3.65,Debit,Online,69,146,Doctor,10017.11,2
43.88,Credit,Online,26,251,Student,1644.09,1
591.98,Debit,ATM,28,132,Student,387.65,1
224.79,Debit,Online,18,129,Student,528.38,1
64.3,Debit,ATM,55,67,Retired,7530.3,0
111.79,Debit,Online,62,49,Doctor,10887.59,2
613.7,Credit,Branch,61,37,Retired,7307.11,0
170.45,Debit,Branch,60,199,Engineer,2284.41,1
344.27,Debit,Branch,22,123,Student,1918.36,1
872.72,Debit,Online,22,288,Student,503.01,1
292.95,Debit,Branch,37,56,Engineer,1216.91,1
28.44,Debit,ATM,18,243,Student,1071.04,1
209.02,Debit,ATM,21,74,Student,187.9,1
20.05,Debit,ATM,72,171,Retired,7145.67,0
175.02,Debit,Online,28,71,Student,1493.88,1
89.5,Credit,Branch,41,134,Engineer,8658.95,0
69.96,Debit,Branch,28,31,Student,164.12,1
146.51,Debit,ATM,53,68,Engineer,7089.9,0
376.78,Credit,Online,21,88,Student,841.65,1
148.54,Credit,Branch,71,107,Retired,5677.05,0
388.77,Credit,Online,26,30,Student,1658.49,1
100.38,Debit,Branch,63,49,Doctor,10171.68,2
137.23,Debit,Branch,64,63,Doctor,13847.99,2
870.3,Debit,ATM,51,229,Retired,3688.98,1
458.94,Debit,Branch,52,180,Engineer,5619.95,0
327.35,Credit,Branch,20,175,Student,342.08,1
757.15,Debit,Online,53,38,Engineer,4702.86,0
5.64,Debit,Online,59,47,Doctor,12703.24,2
47.23,Credit,Online,73,160,Retired,6659.81,0
239.41,Credit,Online,42,248,Doctor,7860.65,0
7.48,Debit,ATM,55,29,Engineer,1275.2,1
170.97,Debit,Branch,26,292,Student,1265.27,1
659.15,Debit,ATM,22,204,Student,1241.59,1
31.53,Debit,Online,25,283,Student,874.93,1
111.66,Credit,Online,48,140,Engineer,5716.72,0
250.01,Debit,ATM,62,88,Retired,1541.48,1
554.15,Debit,ATM,49,108,Doctor,14817.22,2
598.66,Credit,Branch,32,222,Engineer,2587.11,1
28.38,Debit,Branch,55,98,Doctor,173.7,1
16.8,Debit,ATM,49,94,Doctor,11847.07,2
896.79,Debit,Online,33,168,Doctor,11146.74,2
159.0,Debit,ATM,49,38,Engineer,369.79,1
56.31,Credit,Online,75,195,Retired,6396.08,0
203.99,Debit,Online,52,215,Retired,4840.31,0
50.99,Debit,Branch,29,76,Doctor,1334.6,1
101.28,Credit,Online,32,75,Engineer,2774.35,1
299.92,Debit,ATM,27,122,Student,1368.0,1
77.54,Debit,Online,67,73,Retired,4536.38,0
18.35,Debit,Branch,21,78,Student,1293.39,1
732.53,Credit,ATM,26,116,Student,441.54,1
65.11,Debit,ATM,34,150,Engineer,8485.14,0
67.07,Credit,ATM,24,56,Student,999.62,1
137.48,Debit,Branch,55,47,Doctor,14273.42,2
398.36,Debit,ATM,22,56,Student,1863.7,1
469.46,Debit,ATM,20,149,Student,8640.56,0
37.58,Debit,ATM,57,182,Doctor,259.44,1
160.24,Debit,ATM,31,15,Engineer,5526.97,0
315.39,Credit,Branch,23,93,Student,929.6,1
165.91,Debit,ATM,26,84,Student,587.12,1
211.36,Debit,Branch,47,194,Engineer,4760.34,0
241.45,Debit,Online,26,158,Student,1594.04,1
23.24,Debit,Branch,68,129,Doctor,13777.79,2
70.88,Credit,Branch,74,176,Retired,1794.65,1
314.52,Debit,ATM,80,229,Retired,7071.32,0
181.81,Credit,Online,78,122,Retired,7525.73,0
854.64,Debit,Branch,56,118,Retired,2989.25,1
261.19,Debit,ATM,64,52,Retired,7620.6,0
220.68,Credit,Online,71,217,Retired,5549.2,0
11.86,Debit,Branch,31,129,Engineer,6782.61,0
122.65,Debit,Online,28,41,Student,1968.51,1
395.16,Debit,Online,56,17,Retired,5340.73,0
704.69,Debit,Online,51,150,Retired,3267.84,1
369.89,Debit,ATM,69,69,Retired,6941.47,0
10.92,Debit,ATM,67,268,Retired,7567.2,0
199.14,Debit,Branch,31,36,Engineer,7001.25,0
109.43,Debit,ATM,70,140,Retired,1983.65,1
304.15,Debit,Branch,20,40,Student,686.91,1
620.54,Credit,Branch,28,98,Student,213.36,1
757.79,Debit,Online,22,117,Student,1443.02,1
122.81,Debit,Branch,52,12,Doctor,8450.84,0
96.25,Debit,Online,61,171,Retired,7996.7,0
142.55,Debit,Online,67,97,Doctor,1262.68,1
35.94,Credit,Branch,23,141,Student,1697.28,1
24.86,Debit,Branch,58,292,Engineer,2591.65,1
103.08,Debit,Online,60,109,Doctor,12002.16,2
116.27,Debit,Online,57,94,Engineer,8726.92,0
34.74,Credit,Online,59,72,Retired,3736.57,1
64.01,Credit,Branch,19,240,Student,1225.69,1
50.9,Credit,Online,28,150,Student,1277.7,1
206.84,Debit,Branch,20,154,Student,454.66,1
37.4,Debit,ATM,20,84,Student,1519.51,1
154.21,Debit,Online,46,75,Engineer,8045.77,0
199.37,Debit,Online,24,79,Student,1331.3,1
410.49,Credit,Branch,25,134,Student,1843.57,1
18.23,Debit,ATM,56,28,Engineer,8422.2,0
398.7,Debit,ATM,47,276,Doctor,7987.74,0
122.14,Debit,Online,22,155,Student,327.68,1
378.2,Debit,Branch,40,167,Engineer,7372.81,0
124.74,Debit,ATM,49,33,Engineer,2987.97,1
17.1,Debit,ATM,53,101,Retired,1619.54,1
287.05,Debit,ATM,22,212,Student,1204.65,1
874.72,Debit,Online,28,173,Engineer,4630.58,0
40.12,Credit,ATM,36,269,Doctor,14304.38,2
125.0,Credit,Online,49,177,Engineer,3215.76,1
348.44,Debit,Online,24,147,Student,1022.94,1
128.4,Debit,ATM,69,31,Retired,2610.64,1
320.93,Debit,Online,55,178,Engineer,9451.66,2
1.41,Debit,ATM,53,278,Retired,1244.17,1
50.52,Debit,Branch,54,293,Doctor,12815.24,2
383.95,Credit,Online,31,143,Engineer,9933.56,2
12.94,Debit,Branch,23,158,Student,921.23,1
329.75,Debit,Online,56,211,Retired,6009.43,0
40.79,Debit,ATM,18,80,Student,1769.33,1
99.25,Credit,Online,63,93,Retired,2570.34,1
150.6,Debit,ATM,69,59,Retired,3240.14,1
29.5,Debit,Online,73,129,Retired,1229.32,1
54.34,Debit,ATM,65,46,Doctor,8019.89,0
18.25,Debit,ATM,53,18,Doctor,14328.29,2
633.87,Debit,Online,27,175,Student,330.16,1
81.15,Debit,ATM,19,114,Student,1595.26,1
83.95,Debit,Online,75,170,Retired,7413.18,0
410.4,Credit,ATM,61,78,Retired,2563.91,1
172.68,Debit,ATM,33,17,Doctor,10724.95,2
139.88,Debit,ATM,34,162,Engineer,2969.71,1
165.55,Debit,Branch,28,115,Student,761.78,1
285.69,Debit,ATM,63,35,Retired,2552.54,1
532.4,Debit,ATM,22,149,Student,1033.73,1
293.85,Debit,Online,25,144,Student,1919.97,1
27.94,Debit,Branch,79,120,Retired,1893.44,1
270.36,Debit,ATM,25,37,Student,1783.04,1
506.03,Debit,Branch,21,21,Student,1123.89,1
206.95,Debit,Branch,22,31,Student,1817.65,1
350.96,Debit,ATM,63,167,Retired,5463.94,0
261.63,Debit,Branch,20,150,Student,477.03,1
46.12,Debit,Branch,59,30,Doctor,8874.01,0
27.25,Credit,Branch,63,92,Retired,5365.2,0
331.66,Debit,ATM,76,145,Retired,7216.3,0
667.95,Credit,ATM,62,253,Doctor,13558.56,2
49.84,Debit,ATM,49,146,Doctor,7872.04,0
556.04,Debit,ATM,72,27,Retired,5200.04,0
88.06,Credit,Online,18,288,Student,1779.85,1
745.95,Debit,ATM,58,127,Doctor,13264.14,2
67.25,Debit,Online,19,157,Student,467.4,1
93.63,Debit,ATM,29,141,Engineer,9873.62,2
74.11,Debit,Branch,22,49,Student,1257.9,1
41.13,Credit,Branch,77,58,Retired,6067.54,0
192.02,Credit,Online,79,154,Retired,5169.07,0
291.27,Debit,Branch,77,121,Retired,6878.86,0
296.46,Debit,Branch,23,136,Student,558.99,1
341.84,Credit,Branch,27,89,Student,1400.04,1
98.41,Debit,Online,27,48,Student,912.71,1
27.51,Credit,Online,40,103,Doctor,13645.63,2
12.18,Debit,Branch,76,77,Retired,4909.24,0
207.71,Credit,Online,25,63,Student,570.1,1
25.77,Credit,Online,45,277,Doctor,11749.77,2
127.57,Debit,ATM,52,75,Retired,6118.2,0
392.05,Debit,ATM,60,172,Engineer,4383.69,0
521.01,Credit,Branch,41,73,Engineer,4004.55,1
849.76,Debit,ATM,25,269,Student,373.88,1
172.5,Debit,Online,68,31,Doctor,6851.16,0
265.44,Debit,ATM,30,169,Engineer,9700.77,2
152.34,Debit,Branch,55,115,Doctor,6853.51,0
21.13,Debit,Branch,28,153,Student,948.7,1
111.55,Debit,ATM,46,101,Doctor,12221.17,2
321.82,Credit,Branch,32,43,Engineer,6500.5,0
148.77,Debit,Branch,67,175,Retired,2138.42,1
14.08,Debit,Branch,57,154,Retired,3908.65,1
566.33,Credit,ATM,24,66,Student,379.82,1
206.51,Debit,ATM,51,275,Retired,3921.74,1
180.94,Debit,Branch,75,57,Retired,7659.99,0
77.9,Debit,Branch,21,128,Student,664.72,1
318.92,Credit,Branch,21,60,Student,1167.25,1
583.3,Credit,Online,59,142,Engineer,5896.01,0
100.68,Debit,Online,63,139,Retired,1123.75,1
589.64,Debit,Online,62,210,Retired,2039.4,1
225.93,Credit,Branch,25,199,Student,1864.27,1
651.55,Debit,Online,72,82,Retired,2325.78,1
80.97,Debit,Online,38,157,Doctor,5926.31,0
191.89,Debit,Branch,25,14,Student,399.57,1
304.75,Credit,Branch,78,125,Retired,1916.34,1
201.53,Debit,Online,68,287,Retired,2732.86,1
8.45,Debit,ATM,22,141,Student,1115.3,1
435.98,Debit,Branch,30,105,Engineer,7334.08,0
743.24,Credit,Online,19,109,Student,1024.19,1
16.27,Debit,ATM,57,44,Doctor,10971.32,2
290.86,Debit,Online,45,36,Doctor,14631.88,2
85.73,Debit,ATM,41,266,Doctor,14928.35,2
555.71,Credit,Branch,22,73,Student,830.37,1
40.03,Debit,Branch,23,200,Student,6408.8,0
73.01,Credit,Online,25,62,Student,1997.33,1
346.12,Debit,Branch,44,12,Doctor,13084.27,2
252.93,Debit,ATM,75,222,Retired,2760.37,1
58.7,Debit,Branch,67,141,Doctor,8937.35,0
7.56,Debit,ATM,40,145,Doctor,8528.72,0
540.4,Debit,Branch,45,272,Doctor,425.77,1
264.14,Debit,ATM,64,125,Doctor,8459.26,0
248.15,Debit,ATM,75,202,Retired,2649.23,1
24.34,Debit,Branch,54,110,Engineer,6659.12,0
428.61,Debit,ATM,66,62,Doctor,11937.04,2
117.66,Credit,Branch,39,126,Doctor,6794.17,0
165.8,Debit,Online,60,287,Engineer,2064.76,1
289.18,Debit,ATM,65,64,Retired,3139.75,1
125.39,Debit,ATM,21,140,Student,202.69,1
305.18,Debit,Online,58,216,Retired,4474.2,0
506.9,Credit,Branch,64,56,Doctor,11471.87,2
504.12,Credit,Branch,25,101,Student,1107.28,1
42.09,Debit,Branch,29,118,Engineer,5526.28,0
607.28,Debit,ATM,32,84,Doctor,9679.68,2
91.9,Debit,Online,77,125,Retired,1033.94,1
303.43,Debit,Branch,22,30,Student,1833.24,1
668.78,Debit,ATM,20,141,Student,983.68,1
270.54,Credit,ATM,20,139,Student,269.78,1
247.93,Debit,Branch,37,79,Engineer,9801.48,2
34.67,Debit,Online,19,71,Student,888.6,1
326.03,Credit,Online,18,137,Student,290.24,1
148.26,Debit,ATM,25,57,Student,958.7,1
373.99,Debit,ATM,60,140,Doctor,8590.5,0
254.34,Debit,Online,49,79,Engineer,5461.08,0
819.48,Debit,ATM,25,26,Student,1804.5,1
14.0,Debit,ATM,49,173,Engineer,7975.18,0
57.16,Debit,ATM,40,74,Engineer,222.22,1
282.26,Debit,Online,37,278,Engineer,6857.2,0
46.96,Debit,Online,46,12,Engineer,2028.92,1
473.2,Debit,Online,34,173,Doctor,248.52,1
192.97,Debit,ATM,59,140,Retired,3019.04,1
168.99,Debit,ATM,18,203,Student,1523.57,1
1.82,Debit,Online,80,60,Retired,5571.39,0
40.9,Debit,ATM,55,37,Doctor,1514.34,1
78.91,Debit,Online,61,157,Doctor,1817.43,1
169.97,Credit,ATM,22,12,Student,6269.12,0
486.61,Credit,ATM,48,130,Engineer,2006.69,1
148.13,Debit,Branch,58,56,Retired,2189.38,1
164.52,Debit,ATM,61,162,Doctor,11036.74,2
720.89,Debit,ATM,27,120,Student,447.06,1
268.7,Debit,ATM,53,63,Retired,2104.74,1
637.34,Debit,ATM,51,278,Retired,5183.5,0
216.76,Credit,Online,47,138,Engineer,643.64,1
418.02,Debit,ATM,46,110,Doctor,11011.86,2
292.03,Credit,ATM,46,154,Engineer,951.33,1
251.4,Debit,ATM,57,178,Retired,2561.67,1
184.56,Debit,Online,21,93,Student,1549.27,1
33.76,Debit,Online,26,227,Engineer,3253.51,1
253.46,Debit,ATM,45,60,Engineer,1338.95,1
138.68,Credit,Branch,22,44,Student,206.2,1
42.56,Debit,Online,18,146,Student,4361.44,0
680.76,Debit,Branch,21,165,Student,572.97,1
53.83,Debit,Branch,70,131,Retired,4580.59,0
11.09,Debit,Branch,51,95,Engineer,2990.05,1
37.81,Debit,Branch,63,195,Retired,5208.98,0
449.18,Debit,Online,67,50,Retired,1025.99,1
297.6,Debit,Online,39,162,Doctor,1461.17,1
683.75,Debit,Branch,32,106,Doctor,6333.72,0
21.4,Credit,Online,48,129,Engineer,8551.6,0
315.94,Debit,ATM,78,93,Retired,4273.99,0
223.76,Credit,Branch,74,110,Retired,4102.23,0
216.03,Debit,ATM,42,300,Doctor,10462.77,2
17.42,Debit,ATM,74,150,Retired,6851.31,0
491.91,Debit,Online,78,155,Retired,2421.94,1
350.11,Credit,Online,74,178,Retired,4639.04,0
218.07,Debit,Branch,23,243,Student,443.62,1
291.09,Debit,Branch,48,73,Engineer,6312.79,0
422.14,Credit,Branch,26,109,Student,1436.32,1
613.21,Debit,ATM,61,157,Retired,3279.12,1
73.83,Debit,Online,69,69,Doctor,6020.29,0
67.33,Debit,Online,59,36,Engineer,5925.98,0
26.92,Debit,ATM,62,43,Retired,1674.94,1
18.3,Debit,Online,48,155,Engineer,3733.52,1
317.94,Debit,ATM,54,124,Engineer,2996.51,1
179.38,Debit,Online,40,173,Doctor,11666.18,2
13.92,Debit,ATM,37,209,Engineer,2735.84,1
365.43,Debit,ATM,25,176,Student,1073.51,1
263.59,Debit,Branch,71,16,Retired,6996.35,0
54.8,Debit,Branch,34,140,Engineer,4943.49,0
141.49,Debit,Online,24,75,Student,1665.58,1
31.39,Debit,ATM,20,15,Student,998.49,1
93.82,Debit,Online,39,176,Engineer,8422.06,0
5.71,Debit,Branch,21,106,Student,1285.42,1
178.39,Debit,Online,34,98,Engineer,8469.43,0
126.91,Debit,ATM,22,42,Student,692.69,1
36.09,Debit,Branch,53,167,Doctor,12319.26,2
91.77,Debit,Branch,51,174,Doctor,9240.73,2
198.92,Debit,Online,36,100,Engineer,2854.66,1
137.81,Debit,Branch,58,44,Engineer,2631.47,1
136.88,Credit,Branch,24,71,Student,7465.95,0
133.07,Debit,Branch,21,155,Student,1670.99,1
1.14,Debit,Branch,43,137,Doctor,13913.92,2
256.34,Debit,Branch,69,99,Retired,7471.63,0
56.11,Debit,Branch,36,109,Doctor,11123.65,2
118.1,Debit,ATM,50,50,Engineer,7976.6,0
137.86,Credit,Online,66,120,Doctor,8046.94,0
813.78,Credit,ATM,54,55,Doctor,14935.5,2
237.97,Debit,ATM,69,69,Doctor,13486.15,2
684.96,Debit,ATM,21,31,Student,526.67,1
878.63,Debit,ATM,60,139,Engineer,4954.37,0
276.56,Debit,Branch,68,15,Doctor,8942.58,0
8.75,Debit,ATM,79,199,Retired,4044.62,1
637.48,Debit,Online,65,207,Retired,4148.85,0
103.15,Debit,Branch,51,179,Doctor,11388.15,2
505.6,Debit,Branch,52,183,Retired,5347.57,0
371.86,Debit,ATM,46,91,Doctor,1329.45,1
14.26,Debit,Branch,50,37,Engineer,2475.65,1
13.16,Debit,Branch,43,98,Engineer,1019.46,1
73.01,Debit,ATM,56,101,Retired,2833.12,1
201.5,Credit,Online,61,196,Doctor,12148.32,2
150.3,Debit,Online,41,204,Doctor,14371.08,2
23.7,Debit,ATM,46,32,Doctor,7947.44,0
49.59,Debit,Branch,48,147,Engineer,6037.03,0
720.13,Credit,ATM,22,96,Student,387.02,1
134.92,Debit,Online,19,101,Student,1081.97,1
116.97,Debit,ATM,18,299,Student,729.7,1
88.29,Credit,Online,50,287,Engineer,5245.93,0
5.81,Debit,ATM,25,222,Student,1290.95,1
103.48,Debit,ATM,32,33,Engineer,6494.25,0
156.74,Debit,ATM,70,136,Retired,4004.35,1
505.14,Debit,ATM,68,179,Retired,2525.47,1
31.06,Debit,ATM,46,61,Doctor,11014.25,2
7.61,Debit,ATM,50,163,Doctor,6275.0,0
276.16,Credit,ATM,53,71,Retired,1733.34,1
145.77,Debit,ATM,68,237,Retired,5294.98,0
369.44,Debit,Online,34,19,Engineer,5018.67,0
558.86,Debit,ATM,60,95,Doctor,9844.32,2
429.15,Debit,Branch,26,218,Student,712.13,1
36.74,Debit,Branch,33,133,Doctor,6217.58,0
79.14,Credit,Online,57,22,Retired,2229.56,1
132.48,Debit,Branch,36,101,Engineer,9313.05,2
203.76,Debit,Branch,55,37,Retired,6747.16,0
750.95,Debit,Branch,78,27,Retired,5134.37,0
0.84,Debit,ATM,52,31,Engineer,2207.54,1
257.18,Debit,Online,67,28,Doctor,13336.15,2
767.66,Debit,ATM,63,155,Doctor,1801.69,1
182.29,Debit,Online,54,123,Doctor,522.39,1
184.51,Credit,Online,54,118,Doctor,9381.64,2
144.1,Debit,Branch,57,30,Doctor,11523.64,2
72.5,Debit,ATM,40,30,Doctor,12723.62,2
22.15,Debit,Branch,44,73,Doctor,7451.83,0
777.92,Debit,Branch,62,97,Doctor,7061.58,0
790.07,Debit,Online,28,197,Student,985.77,1
406.33,Credit,Branch,59,103,Engineer,4298.34,0
767.41,Debit,ATM,56,27,Doctor,12799.34,2
4.58,Credit,Online,21,135,Student,811.24,1
447.83,Credit,Branch,53,88,Doctor,13273.08,2
49.67,Debit,Online,21,146,Student,842.94,1
77.83,Credit,Branch,49,146,Engineer,2471.53,1
702.87,Debit,ATM,19,184,Student,1237.5,1
133.56,Debit,Online,25,177,Student,783.83,1
868.05,Credit,Online,49,119,Engineer,3931.03,1
52.87,Debit,Branch,24,70,Student,960.96,1
179.0,Debit,ATM,78,121,Retired,7310.88,0
384.11,Debit,ATM,58,12,Retired,7902.52,0
227.61,Debit,Online,71,61,Retired,4405.28,0
40.83,Debit,ATM,48,24,Engineer,3944.12,1
19.76,Debit,ATM,20,240,Student,1523.04,1
484.24,Debit,Branch,67,77,Doctor,8042.3,0
494.66,Debit,Online,33,110,Doctor,5531.93,0
301.47,Debit,Branch,21,291,Student,560.73,1
199.09,Debit,Online,70,89,Doctor,1658.52,1
38.95,Debit,Online,27,50,Engineer,731.52,1
515.94,Debit,ATM,29,37,Engineer,1389.89,1
41.93,Debit,ATM,48,136,Engineer,5081.26,0
137.84,Debit,ATM,27,83,Student,1000.35,1
95.35,Debit,Online,21,131,Student,1639.9,1
93.14,Debit,Online,67,151,Retired,5473.82,0
79.33,Credit,Online,51,109,Doctor,14798.1,2
76.89,Debit,ATM,55,132,Doctor,7374.26,0
233.71,Debit,Online,19,297,Student,1231.98,1
14.92,Debit,Branch,26,120,Engineer,6611.26,0
242.17,Debit,ATM,60,147,Doctor,883.72,1
122.98,Debit,Online,79,228,Retired,5055.99,0
129.35,Debit,ATM,52,130,Engineer,7166.88,0
138.33,Debit,Online,21,69,Student,232.56,1
39.31,Debit,Online,25,178,Student,1236.38,1
91.85,Debit,Online,21,148,Student,802.09,1
277.7,Debit,Branch,58,107,Engineer,1423.2,1
114.03,Debit,ATM,51,172,Doctor,13388.56,2
302.63,Credit,Branch,27,10,Engineer,2801.28,1
31.19,Debit,ATM,52,74,Engineer,5545.96,0
112.91,Credit,Online,27,135,Engineer,4764.48,0
742.26,Debit,Online,27,36,Engineer,7868.19,0
256.8,Debit,ATM,26,80,Student,1128.38,1
378.68,Debit,ATM,60,239,Doctor,7627.04,0
571.93,Debit,Online,52,119,Retired,4026.03,1
26.31,Credit,Online,77,163,Retired,7095.76,0
205.58,Debit,Online,20,159,Student,1501.95,1
533.61,Debit,Online,48,115,Engineer,3656.93,1
428.62,Debit,Branch,55,72,Retired,3473.24,1
361.22,Debit,ATM,64,167,Retired,7061.73,0
837.29,Debit,Branch,25,216,Student,6012.67,0
117.25,Credit,Online,31,73,Doctor,13694.68,2
135.27,Debit,ATM,48,131,Doctor,9410.51,2
185.1,Debit,Branch,53,23,Retired,6115.63,0
113.54,Debit,Online,38,273,Engineer,5581.21,0
354.96,Debit,Online,69,96,Doctor,6712.94,0
224.22,Debit,Branch,53,37,Doctor,8400.87,0
737.1,Debit,ATM,60,92,Retired,4644.19,0
223.22,Debit,ATM,27,96,Student,1734.22,1
557.26,Debit,ATM,69,53,Doctor,5237.12,0
27.44,Debit,ATM,62,164,Retired,5950.48,0
310.09,Debit,Branch,36,166,Doctor,9962.5,2
80.38,Debit,Online,52,116,Doctor,9662.88,2
26.1,Credit,Branch,66,115,Doctor,5243.0,0
845.14,Credit,Branch,73,183,Retired,1702.65,1
59.73,Debit,ATM,27,56,Student,800.93,1
758.77,Debit,ATM,60,114,Engineer,7231.47,0
301.51,Debit,ATM,22,284,Student,1052.31,1
418.03,Debit,Online,58,161,Doctor,10721.29,2
118.06,Credit,Branch,32,31,Doctor,13560.63,2
483.92,Debit,ATM,70,115,Retired,3138.0,1
78.93,Debit,ATM,38,145,Doctor,9916.24,2
36.63,Debit,ATM,75,261,Retired,7941.73,0
87.85,Debit,Branch,49,63,Engineer,3753.24,1
705.34,Debit,Online,59,124,Doctor,5003.22,0
116.89,Debit,Online,71,226,Retired,4880.31,0
106.41,Debit,Branch,57,87,Retired,1310.38,1
584.41,Debit,ATM,23,41,Student,4475.22,0
584.98,Credit,Branch,55,121,Retired,6521.05,0
79.21,Debit,Branch,56,140,Retired,1615.04,1
173.13,Credit,Online,20,288,Student,1490.34,1
335.7,Debit,ATM,80,57,Retired,6601.44,0
422.81,Debit,Branch,28,193,Student,1929.28,1
135.43,Debit,ATM,57,92,Retired,5315.83,0
584.88,Debit,ATM,26,121,Student,548.45,1
308.94,Debit,Online,25,167,Student,1931.66,1
295.93,Debit,Branch,36,117,Doctor,1050.63,1
77.44,Debit,Branch,58,268,Retired,1950.63,1
92.5,Credit,Online,40,70,Engineer,6295.45,0
97.74,Credit,Online,41,137,Engineer,4113.63,0
291.68,Debit,ATM,21,90,Student,1451.02,1
56.96,Debit,ATM,22,135,Student,1597.85,1
436.8,Debit,Online,27,92,Student,1256.33,1
259.49,Debit,Online,72,292,Retired,7320.61,0
726.26,Debit,Online,57,147,Retired,2150.38,1
568.68,Debit,ATM,72,101,Retired,2940.04,1
77.57,Debit,Online,49,225,Doctor,12801.93,2
14.16,Credit,Branch,74,290,Retired,5399.76,0
61.33,Debit,ATM,27,129,Engineer,7537.4,0
27.64,Debit,Online,54,23,Engineer,7498.51,0
3.85,Debit,ATM,29,32,Doctor,10506.41,2
431.22,Credit,Branch,73,129,Retired,6505.98,0
178.55,Debit,Branch,55,67,Engineer,7568.4,0
248.76,Debit,ATM,18,56,Student,546.46,1
76.16,Debit,ATM,23,99,Student,1072.25,1
347.25,Debit,ATM,69,250,Doctor,7273.55,0
325.98,Debit,ATM,19,277,Student,782.35,1
249.56,Debit,Branch,76,246,Retired,4444.95,0
17.43,Debit,ATM,56,33,Doctor,10658.88,2
198.01,Credit,Branch,26,40,Student,250.93,1
585.58,Debit,Branch,23,55,Student,1729.02,1
434.67,Credit,Online,27,124,Student,1298.13,1
510.7,Credit,Online,27,294,Student,5828.48,0
331.98,Debit,ATM,74,12,Retired,7600.99,0
199.54,Debit,Online,56,268,Engineer,9603.73,2
212.97,Debit,Online,59,178,Engineer,4180.4,0
270.56,Debit,Online,23,139,Student,1268.44,1
306.37,Debit,ATM,26,120,Engineer,9609.67,2
643.02,Credit,ATM,38,85,Doctor,11989.39,2
98.48,Debit,Branch,47,12,Engineer,9538.92,2
889.01,Debit,Online,36,169,Engineer,4826.88,0
537.86,Debit,Online,27,134,Student,293.06,1
241.18,Debit,ATM,25,162,Student,1445.53,1
130.54,Debit,ATM,64,94,Doctor,11204.62,2
800.29,Credit,Branch,20,84,Student,693.4,1
8.81,Debit,Online,57,165,Doctor,13523.65,2
28.52,Debit,ATM,20,163,Student,662.51,1
431.31,Credit,Online,23,99,Student,342.73,1
885.33,Credit,ATM,47,59,Engineer,7764.16,0
199.23,Debit,ATM,29,54,Engineer,9834.0,2
42.26,Debit,ATM,44,171,Doctor,268.77,1
166.06,Debit,ATM,30,172,Engineer,5397.68,0
357.72,Debit,ATM,53,25,Retired,7659.5,0
588.37,Debit,Online,28,284,Student,1926.08,1
72.82,Debit,Online,68,127,Doctor,6911.62,0
162.36,Debit,Online,36,147,Engineer,7527.04,0
584.82,Credit,Online,43,109,Doctor,12071.1,2
38.15,Credit,Online,72,129,Retired,1425.47,1
477.54,Credit,ATM,23,52,Student,1598.63,1
639.57,Debit,Branch,60,43,Doctor,11726.47,2
58.23,Debit,Online,28,34,Student,9189.76,2
776.21,Credit,Online,78,99,Retired,4895.87,0
248.76,Debit,Branch,21,117,Student,6178.77,0
188.61,Debit,Online,67,26,Retired,7167.57,0
675.37,Credit,Online,56,31,Retired,4704.91,0
94.82,Credit,Branch,67,56,Retired,1267.72,1
425.18,Credit,Online,59,135,Engineer,5790.55,0
50.28,Debit,Branch,60,65,Engineer,5729.1,0
864.72,Credit,Branch,34,58,Engineer,7379.38,0
70.68,Debit,Online,25,105,Student,1478.41,1
261.77,Debit,Online,28,46,Student,824.71,1
183.22,Debit,ATM,27,63,Student,1024.42,1
156.86,Debit,ATM,51,102,Doctor,14453.35,2
120.67,Debit,ATM,42,233,Doctor,5374.54,0
308.62,Credit,Branch,59,101,Engineer,9148.08,2
506.81,Debit,ATM,59,41,Engineer,2757.23,1
328.39,Debit,ATM,41,108,Engineer,2523.83,1
796.3,Debit,Branch,67,64,Retired,1498.79,1
72.47,Debit,Online,29,72,Doctor,1305.56,1
279.6,Debit,ATM,25,131,Student,1910.9,1
304.2,Debit,Online,25,102,Student,423.64,1
351.38,Debit,Branch,64,21,Retired,7606.63,0
86.07,Debit,Branch,31,23,Doctor,842.56,1
604.5,Debit,ATM,28,80,Student,709.42,1
258.7,Debit,ATM,27,123,Student,1358.37,1
11.46,Credit,Branch,75,64,Retired,7258.33,0
63.76,Debit,ATM,69,100,Retired,4980.26,0
446.83,Credit,Branch,55,143,Retired,1623.5,1
63.54,Debit,ATM,26,136,Engineer,4401.78,0
81.11,Debit,Online,48,110,Engineer,2051.37,1
170.96,Debit,Branch,64,69,Doctor,13374.89,2
48.51,Debit,Branch,22,69,Student,3363.23,1
325.03,Debit,Branch,60,106,Doctor,13521.76,2
125.83,Debit,ATM,57,138,Retired,6109.86,0
506.83,Debit,Branch,37,45,Engineer,9975.79,2
738.94,Debit,Branch,41,173,Doctor,13856.18,2
180.36,Credit,Online,33,55,Engineer,9905.23,2
225.1,Debit,ATM,28,35,Student,1547.71,1
359.51,Debit,Online,79,157,Retired,7153.72,0
720.46,Debit,Branch,54,44,Retired,3101.54,1
291.46,Debit,ATM,57,135,Retired,7142.53,0
98.24,Debit,Online,28,148,Student,580.66,1
100.48,Credit,Branch,18,104,Student,6149.81,0
45.9,Debit,Branch,56,264,Engineer,5698.25,0
258.21,Debit,Online,39,225,Doctor,9562.41,2
287.51,Debit,Online,22,255,Student,187.65,1
501.3,Credit,Online,26,146,Engineer,8520.08,0
26.1,Debit,ATM,27,32,Student,1435.72,1
436.77,Debit,ATM,20,176,Student,825.69,1
292.38,Debit,ATM,68,224,Doctor,5803.89,0
25.29,Debit,Online,50,125,Engineer,5374.69,0
123.35,Credit,Online,31,10,Doctor,6852.16,0
139.52,Debit,Branch,23,31,Student,1570.22,1
51.2,Debit,Online,18,83,Student,730.6,1
161.38,Credit,Online,24,101,Student,3900.34,1
2.51,Debit,Online,63,32,Retired,4891.56,0
22.62,Debit,ATM,64,102,Doctor,7682.0,0
126.83,Debit,Branch,57,39,Retired,6100.98,0
46.6,Debit,Online,55,68,Doctor,1562.9,1
243.8,Debit,Branch,57,48,Doctor,13732.81,2
231.51,Credit,Branch,60,96,Retired,5790.7,0
175.05,Debit,Online,39,34,Engineer,1447.35,1
762.74,Debit,ATM,64,244,Doctor,207.1,1
34.03,Debit,Branch,57,38,Engineer,3077.2,1
15.95,Debit,Branch,25,52,Student,1983.0,1
101.51,Credit,Online,46,199,Engineer,3052.47,1
309.42,Debit,Branch,27,42,Engineer,8564.46,0
257.6,Credit,Online,59,293,Retired,7950.74,0
746.78,Credit,Branch,21,64,Student,1699.81,1
82.01,Credit,Branch,23,156,Student,287.46,1
476.99,Debit,Online,23,187,Student,1154.48,1
320.11,Debit,Branch,23,130,Student,4076.48,1
333.39,Debit,ATM,68,35,Doctor,10628.59,2
10.3,Debit,ATM,47,197,Engineer,7801.32,0
416.55,Debit,Online,33,73,Engineer,922.96,1
84.91,Debit,Online,18,68,Student,1671.86,1
98.95,Debit,Branch,75,73,Retired,5670.82,0
18.14,Credit,ATM,58,48,Retired,6020.85,0
215.13,Debit,Online,46,114,Engineer,3956.69,1
218.57,Credit,Branch,62,102,Doctor,13869.86,2
341.88,Debit,ATM,43,89,Engineer,4159.52,0
691.92,Debit,Online,19,61,Student,1084.65,1
50.43,Debit,Branch,32,51,Doctor,9794.26,2
440.43,Debit,Branch,78,23,Retired,5123.24,0
299.03,Debit,Branch,39,52,Engineer,1381.28,1
1.98,Debit,ATM,66,170,Doctor,11619.1,2
173.45,Debit,ATM,31,161,Engineer,9077.62,0
438.76,Debit,Branch,22,73,Student,1824.19,1
519.62,Credit,Online,71,40,Retired,4159.33,0
738.68,Debit,Online,50,124,Doctor,14352.33,2
151.14,Debit,Online,64,38,Retired,2156.54,1
75.77,Debit,Branch,51,148,Engineer,8361.7,0
444.52,Debit,Online,27,17,Engineer,5424.6,0
5.29,Debit,Online,52,276,Doctor,11263.89,2
97.63,Credit,Online,48,127,Doctor,12467.31,2
256.95,Debit,Branch,26,71,Engineer,2531.24,1
734.86,Credit,Branch,48,290,Engineer,6242.03,0
84.28,Debit,Branch,39,142,Doctor,13586.06,2
202.49,Credit,ATM,48,69,Engineer,7447.1,0
154.99,Debit,Branch,25,53,Student,1419.31,1
481.53,Debit,Branch,58,277,Retired,6142.54,0
172.92,Debit,Online,20,212,Student,416.37,1
275.59,Credit,Branch,53,238,Retired,6313.22,0
207.2,Debit,Online,60,133,Engineer,8092.94,0
136.82,Debit,Branch,31,14,Engineer,6229.13,0
179.38,Debit,Online,30,28,Engineer,8741.51,0
26.3,Debit,ATM,32,33,Doctor,7473.73,0
319.5,Credit,Branch,29,69,Engineer,2366.3,1
182.42,Debit,Branch,51,137,Retired,3051.29,1
716.62,Debit,ATM,44,241,Doctor,6987.4,0
222.96,Credit,ATM,65,150,Doctor,7370.41,0
79.77,Debit,ATM,68,167,Retired,5010.31,0
431.08,Debit,Branch,59,25,Retired,6760.22,0
592.24,Debit,ATM,52,140,Doctor,9817.05,2
200.19,Credit,Branch,52,108,Retired,4389.96,0
297.5,Credit,Branch,73,80,Retired,6768.14,0
345.86,Debit,ATM,51,145,Retired,1504.64,1
343.88,Debit,Online,63,97,Retired,6486.18,0
16.52,Credit,Online,25,135,Student,835.53,1
162.1,Debit,Branch,41,151,Engineer,8576.65,0
36.12,Debit,Online,22,234,Student,1593.03,1
354.91,Debit,ATM,74,191,Retired,3872.55,1
38.41,Debit,ATM,40,117,Doctor,9129.68,2
53.52,Debit,Branch,49,55,Engineer,2227.49,1
498.59,Debit,Online,57,138,Retired,2619.46,1
13.3,Debit,ATM,23,63,Student,213.0,1
189.65,Debit,ATM,21,60,Student,8457.09,0
255.32,Debit,ATM,80,27,Retired,6290.62,0
230.51,Credit,Branch,51,56,Engineer,9522.37,2
237.74,Debit,ATM,61,152,Doctor,11795.12,2
512.76,Debit,ATM,52,26,Doctor,5121.36,0
151.37,Debit,ATM,54,53,Engineer,8356.08,0
85.01,Credit,ATM,25,157,Student,1299.4,1
444.47,Debit,Online,57,61,Retired,6062.94,0
184.19,Debit,ATM,67,58,Retired,7588.67,0
879.25,Credit,Online,24,137,Student,125.85,1
55.98,Credit,Branch,24,87,Student,7047.04,0
54.91,Credit,ATM,41,275,Engineer,7927.27,0
393.74,Debit,Online,26,90,Student,1769.06,1
58.94,Debit,Online,30,26,Engineer,4575.98,0
515.57,Debit,ATM,27,56,Engineer,9269.67,2
332.15,Debit,ATM,59,105,Doctor,9749.46,2
177.94,Debit,Online,19,173,Student,123.24,1
68.68,Debit,Online,49,141,Engineer,4718.51,0
240.03,Debit,Online,33,31,Engineer,7807.73,0
168.34,Debit,ATM,64,240,Retired,7483.01,0
474.77,Debit,Online,46,284,Engineer,8494.53,0
451.7,Debit,Online,29,103,Engineer,8994.67,0
243.85,Debit,Branch,39,43,Engineer,4576.78,0
5.76,Debit,Branch,38,164,Engineer,5859.79,0
435.08,Debit,Online,55,78,Engineer,2103.41,1
127.78,Debit,ATM,20,170,Student,1046.66,1
23.14,Credit,Online,47,93,Doctor,10536.54,2
545.87,Debit,Branch,27,41,Engineer,4860.01,0
21.21,Debit,Online,55,37,Engineer,9575.42,2
423.53,Credit,Branch,50,81,Doctor,5453.4,0
142.1,Credit,Online,18,109,Student,1545.64,1
114.15,Debit,ATM,19,52,Student,1612.4,1
275.98,Credit,Online,72,67,Retired,6151.05,0
590.68,Debit,Branch,27,23,Student,852.2,1
152.42,Debit,ATM,42,176,Doctor,9141.79,2
395.77,Credit,Branch,43,118,Doctor,6425.99,0
615.16,Debit,Online,26,140,Student,214.61,1
207.82,Credit,Online,19,30,Student,229.02,1
220.52,Debit,ATM,57,152,Retired,1793.09,1
281.47,Debit,ATM,34,142,Engineer,4437.48,0
57.91,Credit,Branch,58,97,Engineer,3641.06,1
30.48,Credit,Branch,32,78,Doctor,11481.85,2
453.09,Debit,Branch,48,97,Doctor,6708.65,0
424.47,Debit,Online,22,116,Student,5491.55,0
228.4,Debit,ATM,67,116,Doctor,9598.43,2
67.17,Debit,Online,63,48,Doctor,14410.44,2
284.89,Debit,Online,53,115,Doctor,9738.6,2
118.69,Debit,Online,33,296,Doctor,749.34,1
221.33,Debit,ATM,27,276,Student,1185.43,1
252.31,Credit,ATM,26,172,Student,1584.6,1
58.85,Credit,Online,71,115,Retired,1789.8,1
194.68,Debit,Online,32,165,Doctor,14494.18,2
433.53,Debit,Branch,38,231,Doctor,6368.32,0
178.26,Debit,ATM,59,59,Retired,1137.13,1
207.65,Debit,Online,34,98,Engineer,5143.8,0
237.0,Debit,Online,49,115,Doctor,14021.4,2
347.63,Credit,Online,25,272,Student,1400.04,1
517.68,Debit,ATM,31,24,Doctor,11305.81,2
36.25,Debit,Branch,52,76,Doctor,193.06,1
46.53,Debit,ATM,42,34,Engineer,4468.12,0
207.47,Debit,ATM,53,12,Doctor,1688.9,1
199.7,Debit,ATM,43,285,Engineer,7574.45,0
307.89,Credit,Online,62,90,Retired,2637.55,1
20.06,Debit,ATM,27,144,Student,445.21,1
236.57,Debit,ATM,79,112,Retired,3488.77,1
0.32,Debit,ATM,39,136,Engineer,7158.58,0
14.28,Debit,ATM,23,81,Student,1597.51,1
232.35,Credit,Branch,33,153,Engineer,4186.25,0
317.53,Debit,Online,44,104,Engineer,6237.68,0
74.67,Debit,ATM,43,283,Engineer,3449.35,1
65.01,Credit,Online,29,67,Doctor,10235.19,2
0.45,Debit,Branch,34,172,Engineer,8670.23,0
364.13,Debit,ATM,63,61,Doctor,8198.0,0
222.66,Debit,Online,39,88,Doctor,14466.38,2
638.24,Debit,Branch,48,64,Engineer,5695.78,0
241.21,Debit,ATM,31,108,Engineer,1220.86,1
171.16,Debit,Online,51,42,Retired,6126.5,0
37.65,Credit,Online,27,109,Student,411.78,1
25.77,Debit,Online,68,18,Retired,4331.54,0
789.8,Debit,ATM,40,94,Doctor,13948.09,2
806.97,Debit,Online,25,11,Student,102.2,1
364.81,Debit,Online,25,53,Student,1145.23,1
490.82,Debit,ATM,26,114,Engineer,8704.27,0
311.28,Debit,Branch,49,198,Doctor,135.96,1
85.03,Debit,ATM,51,48,Retired,4597.57,0
307.75,Debit,Branch,64,63,Doctor,1061.58,1
333.67,Debit,Online,36,68,Engineer,9238.08,2
372.08,Debit,Branch,66,63,Doctor,13330.74,2
502.9,Credit,Online,26,141,Student,341.24,1
103.81,Debit,ATM,36,34,Doctor,7044.63,0
69.43,Debit,ATM,30,162,Engineer,9281.85,2
110.4,Credit,ATM,56,62,Doctor,8639.36,0
275.65,Credit,Branch,28,14,Engineer,4957.57,0
251.8,Debit,ATM,62,102,Doctor,11796.66,2
334.07,Debit,Branch,59,200,Engineer,7306.79,0
52.44,Debit,Online,27,87,Student,3157.75,1
141.37,Debit,Online,46,77,Engineer,1019.77,1
211.7,Credit,Online,50,205,Doctor,12272.78,2
308.23,Debit,ATM,60,23,Retired,4150.63,0
111.41,Debit,Branch,21,181,Student,1204.11,1
675.49,Debit,ATM,61,159,Retired,1893.0,1
29.72,Debit,ATM,26,38,Student,1059.62,1
301.73,Debit,Online,67,163,Doctor,990.74,1
294.61,Debit,Branch,60,74,Retired,7375.59,0
106.43,Credit,ATM,52,164,Engineer,9403.12,2
381.52,Debit,Online,36,79,Doctor,5798.92,0
5.66,Debit,Branch,40,33,Engineer,5434.64,0
209.09,Debit,ATM,48,203,Doctor,9100.81,0
521.81,Debit,ATM,47,34,Engineer,4750.96,0
588.36,Debit,Online,33,134,Engineer,8434.99,0
146.67,Debit,Online,20,273,Student,1569.75,1
57.34,Debit,Online,27,81,Student,1100.64,1
294.77,Debit,Online,77,101,Retired,2272.17,1
881.32,Debit,Online,31,59,Engineer,2287.93,1
162.59,Debit,Branch,64,19,Retired,7104.83,0
56.15,Debit,Branch,31,77,Doctor,13265.92,2
524.55,Debit,ATM,39,175,Doctor,8292.75,0
535.4,Debit,Branch,23,110,Student,651.84,1
56.84,Debit,ATM,45,185,Engineer,7977.78,0
135.94,Debit,Branch,71,258,Retired,4710.21,0
47.1,Credit,Branch,42,178,Doctor,6308.07,0
124.05,Credit,Branch,61,220,Doctor,7009.54,0
802.89,Debit,ATM,19,175,Student,1973.63,1
193.16,Debit,ATM,64,109,Retired,2304.56,1
541.52,Credit,Branch,48,161,Engineer,6087.24,0
20.17,Debit,ATM,77,86,Retired,3869.37,1
35.98,Credit,Branch,40,133,Doctor,11147.34,2
273.24,Debit,Branch,51,173,Retired,2202.21,1
663.45,Debit,ATM,67,147,Retired,5897.29,0
343.86,Debit,Branch,57,70,Engineer,3278.65,1
75.43,Debit,ATM,77,266,Retired,1441.86,1
414.64,Debit,Branch,32,74,Doctor,7253.22,0
86.79,Debit,Branch,33,166,Doctor,8795.37,0
14.1,Debit,Branch,45,73,Engineer,6949.21,0
63.33,Credit,Branch,23,124,Student,792.33,1
606.27,Debit,Branch,29,42,Doctor,9668.78,2
4.47,Debit,Branch,27,132,Student,1381.75,1
289.01,Debit,Online,66,96,Retired,4226.26,0
338.69,Debit,Branch,18,169,Student,1137.89,1
97.73,Debit,Branch,69,156,Doctor,7885.21,0
27.61,Credit,ATM,54,26,Retired,3679.64,1
284.17,Debit,ATM,51,189,Retired,3479.56,1
76.21,Debit,Branch,22,69,Student,664.93,1
334.79,Credit,Branch,69,292,Doctor,624.09,1
584.51,Debit,ATM,74,76,Retired,3254.56,1
432.18,Debit,Branch,18,162,Student,678.83,1
134.55,Debit,Online,59,165,Doctor,14852.42,2
61.66,Debit,ATM,26,86,Student,5705.4,0
12.35,Debit,Branch,25,22,Student,1846.85,1
213.25,Debit,Branch,25,63,Student,677.79,1
34.93,Debit,Branch,31,72,Engineer,2810.37,1
335.68,Debit,Online,24,142,Student,1188.95,1
423.96,Debit,ATM,43,75,Doctor,8374.38,0
220.82,Debit,Branch,42,31,Engineer,4298.13,0
717.36,Credit,Online,22,138,Student,514.88,1
406.12,Debit,ATM,42,106,Doctor,10501.53,2
427.83,Debit,ATM,47,29,Engineer,3293.06,1
416.62,Credit,Online,26,67,Student,9700.9,2
21.9,Debit,ATM,28,30,Student,1052.27,1
717.74,Credit,Online,42,168,Engineer,8375.16,0
393.68,Debit,ATM,55,141,Doctor,10135.88,2
281.91,Debit,Branch,25,269,Student,225.53,1
239.85,Debit,ATM,70,50,Retired,1477.63,1
237.84,Debit,Branch,26,16,Student,8932.39,0
459.29,Credit,Online,64,109,Retired,1006.12,1
196.49,Debit,Branch,41,65,Engineer,7516.56,0
344.87,Debit,Branch,58,25,Retired,7447.44,0
129.62,Credit,ATM,23,124,Student,620.28,1
16.53,Debit,ATM,21,220,Student,707.95,1
277.02,Credit,ATM,46,227,Doctor,8586.38,0
13.02,Debit,Branch,51,42,Doctor,6076.45,0
199.02,Debit,ATM,22,185,Student,793.63,1
684.5,Debit,Branch,29,76,Doctor,6258.63,0
45.92,Debit,ATM,26,23,Student,544.56,1
761.73,Debit,ATM,19,27,Student,151.28,1
331.38,Debit,ATM,42,122,Engineer,844.55,1
602.8,Debit,Branch,60,173,Retired,7417.69,0
64.12,Credit,Branch,57,222,Doctor,1029.09,1
57.38,Debit,Online,28,86,Student,899.52,1
94.64,Credit,ATM,28,144,Student,586.76,1
155.56,Credit,Branch,19,64,Student,129.79,1
301.39,Credit,Online,47,104,Doctor,10548.58,2
136.31,Debit,Online,74,65,Retired,4384.95,0
4.39,Debit,ATM,26,63,Student,1429.61,1
429.25,Debit,Online,29,107,Engineer,5019.68,0
138.54,Credit,Branch,60,93,Engineer,8274.77,0
33.03,Debit,Branch,21,28,Student,935.88,1
76.39,Debit,Online,30,80,Doctor,11584.32,2
25.32,Debit,ATM,19,25,Student,1642.34,1
330.91,Debit,ATM,36,28,Engineer,6481.35,0
153.55,Debit,Online,37,16,Doctor,5619.91,0
217.61,Debit,Online,27,120,Student,1661.1,1
131.69,Credit,Branch,53,59,Engineer,2958.43,1
68.49,Debit,Online,67,49,Retired,6683.31,0
470.62,Debit,Branch,57,127,Doctor,12470.62,2
385.35,Debit,Branch,38,269,Doctor,5184.13,0
74.72,Debit,Online,26,132,Student,165.75,1
352.03,Credit,Online,27,219,Student,4846.68,0
275.87,Debit,ATM,25,112,Student,1697.58,1
90.94,Credit,ATM,63,56,Retired,3896.08,1
206.25,Debit,ATM,74,56,Retired,3651.07,1
116.76,Debit,ATM,51,212,Engineer,4480.43,0
91.5,Debit,ATM,47,77,Doctor,667.66,1
489.31,Debit,Branch,43,36,Engineer,5595.22,0
414.49,Credit,Online,58,108,Doctor,12709.58,2
315.13,Debit,Branch,30,143,Engineer,6570.94,0
28.38,Debit,Branch,45,260,Doctor,8892.62,0
456.05,Debit,Branch,68,20,Doctor,11729.51,2
277.22,Debit,Branch,35,41,Doctor,12104.51,2
54.84,Debit,Online,52,124,Retired,3495.51,1
29.92,Credit,Online,68,63,Doctor,7855.01,0
133.06,Debit,Online,35,143,Engineer,8843.44,0
14.34,Credit,Online,67,24,Retired,7932.51,0
468.32,Debit,Online,69,152,Retired,4710.04,0
582.17,Debit,Branch,57,135,Engineer,7310.83,0
245.62,Debit,Branch,23,127,Student,1879.82,1
83.6,Debit,ATM,47,192,Doctor,13899.24,2
331.22,Credit,Branch,61,161,Doctor,12613.25,2
57.49,Credit,Online,24,177,Student,765.15,1
85.58,Debit,ATM,55,60,Engineer,7794.84,0
157.56,Debit,Branch,43,159,Doctor,7541.16,0
230.3,Debit,Online,46,24,Engineer,8356.88,0
305.92,Debit,ATM,72,88,Retired,1445.47,1
116.33,Debit,Branch,27,144,Student,1696.15,1
537.71,Credit,Online,19,175,Student,1806.08,1
538.17,Credit,Branch,27,252,Engineer,5908.04,0
219.44,Debit,Online,42,23,Engineer,4207.27,0
61.62,Debit,Online,57,19,Doctor,8365.37,0
58.77,Debit,Online,27,191,Engineer,7261.7,0
538.13,Debit,ATM,62,165,Retired,5008.59,0
177.05,Debit,Branch,24,235,Student,4287.82,0
719.76,Debit,Branch,19,190,Student,690.52,1
163.22,Debit,Online,26,217,Student,1788.27,1
242.85,Debit,Online,42,93,Engineer,4672.8,0
291.22,Credit,Online,41,100,Engineer,3677.63,1
56.52,Debit,ATM,42,152,Engineer,6911.2,0
195.8,Debit,Online,39,186,Doctor,12027.68,2
66.76,Credit,Branch,36,44,Doctor,184.72,1
190.9,Debit,Online,28,40,Student,101.25,1
106.99,Debit,Branch,38,152,Engineer,5771.4,0
107.1,Credit,Online,25,175,Student,193.8,1
430.83,Debit,Branch,18,292,Student,941.49,1
235.34,Debit,Branch,26,68,Student,566.83,1
86.35,Credit,Branch,52,24,Retired,1550.48,1
337.99,Debit,ATM,70,115,Doctor,9038.63,0
577.13,Credit,Branch,40,66,Engineer,6640.51,0
213.33,Debit,ATM,52,161,Retired,5400.44,0
54.52,Debit,Branch,32,164,Doctor,6980.98,0
100.13,Debit,Branch,57,168,Doctor,5209.16,0
883.92,Credit,Online,53,129,Retired,2342.64,1
69.8,Credit,Branch,27,138,Student,136.77,1
768.94,Debit,Branch,64,53,Retired,6860.18,0
179.62,Debit,Online,24,119,Student,409.26,1
425.91,Debit,ATM,23,47,Student,383.58,1
263.34,Debit,ATM,64,55,Retired,2411.02,1
113.03,Credit,Online,36,12,Doctor,6756.13,0
11.02,Debit,Online,42,42,Doctor,7879.66,0
865.17,Debit,Branch,24,161,Student,9297.5,2
152.0,Debit,ATM,51,63,Engineer,7531.43,0
270.39,Debit,ATM,25,104,Student,899.15,1
246.41,Debit,ATM,54,23,Retired,1431.6,1
336.84,Debit,ATM,22,100,Student,4500.26,0
261.45,Credit,Online,50,96,Engineer,6735.74,0
99.98,Credit,Online,73,152,Retired,3037.97,1
400.69,Debit,Online,32,26,Engineer,9040.33,0
411.47,Debit,ATM,26,120,Student,796.63,1
204.63,Debit,Online,52,92,Engineer,9199.52,2
421.56,Debit,Online,53,144,Engineer,8037.87,0
193.38,Debit,ATM,18,285,Student,1081.79,1
377.04,Debit,ATM,34,64,Engineer,3812.87,1
54.1,Credit,Branch,28,17,Engineer,940.91,1
18.1,Debit,ATM,57,66,Retired,6474.34,0
408.62,Credit,Online,48,159,Engineer,2498.48,1
162.1,Debit,Branch,64,221,Doctor,9578.74,2
165.31,Debit,ATM,49,28,Doctor,7346.66,0
856.9,Debit,Branch,36,150,Engineer,8579.69,0
433.9,Debit,Online,65,37,Doctor,9013.1,0
271.22,Credit,ATM,45,87,Doctor,6863.02,0
307.68,Credit,Online,75,162,Retired,2052.84,1
348.17,Debit,ATM,21,181,Student,1887.84,1
43.1,Debit,Branch,25,102,Student,6944.9,0
557.78,Credit,Branch,26,102,Student,1289.48,1
325.6,Debit,ATM,69,88,Doctor,13777.1,2
235.83,Credit,Online,53,169,Engineer,4120.75,0
603.54,Debit,Online,44,26,Doctor,10517.47,2
270.25,Debit,ATM,31,42,Engineer,5414.97,0
123.38,Debit,Online,59,40,Doctor,13542.41,2
577.12,Debit,ATM,39,69,Engineer,5265.88,0
92.24,Debit,Branch,60,93,Engineer,6937.48,0
856.21,Credit,Branch,33,109,Doctor,12690.79,2
251.54,Debit,Branch,48,177,Doctor,254.75,1
28.63,Debit,Branch,56,146,Retired,3382.91,1
185.97,Debit,Online,23,19,Student,1776.91,1
243.08,Credit,Online,24,93,Student,131.25,1
